8frame,13,90.29,186.6,20,99.9,187.9,13frame,16,211.31,361,22,213.0681818,369.7954545,18frame,23,279.3586957,257.9673913,14,284.25,266.0357143,20frame,25,103.95,135.51,19,95.96,135.75,22frame,23,227.923913,221.75,2.25,218.2777778,223.2222222,20,225.7,232.65,37,226.8040541,202.6148649,24frame,23,380.66,297.49,22,393.3863636,296.0681818,28frame,12,78.66666667,308.5833333,13,71.36538462,308.1346154,38frame,26,67.25,130.44,17,76.10294118,127.2205882,49frame,14,202.75,248.32,38,211.8026316,236.3026316,"46,54frame",17,136.5147059,110.2205882,19,136.5394737,119.3815789,17,148.3970588,104.2794118,60frame,15,153.2166667,297.6166667,14,140.8214286,292.0357143,73frame,27,211.2314815,319.6388889,24,233.125,312.2916667,107frame,17,101.6323529,350.1617647,0,0,0,119frame,20,190.8,428.65,18,208.4166667,415.75,137frame,21,317.75,270.75,23,323.0108696,257.7065217
,18,91.53,186.25,22,99.84090909,187.8409091,,18,211.03,360.64,24,213.125,369.75,,28,279.5,257.7857143,18,283.6944444,264.1944444,,19,102.9078947,134.3289474,19,95.59,134.91,,22,227.8409091,220.6590909,8,218.25,221.75,17,224.75,232.1029412,41,226.3353659,202.2134146,,23,379.75,296.75,26,393.4038462,295.0961538,,18,79.02777778,307.1388889,17,71.33823529,307.6323529,,32,67.34,129.47,18,76.97222222,126.5833333,,19,202.91,247.59,32,211.5625,235.5,,16,136.5,109.125,22,136.7045455,117.8409091,19,146.8552632,103.1710526,,15,152.35,297.15,16,140.5625,290.9375,,29,210.887931,319.0603448,24,233.0416667,312.7083333,,19,100.1710526,349.6447368,15,94.41666667,329.0166667,,22,190.89,428.75,18,208.1388889,414.4166667,,17,317.87,270.34,22,323.0681818,257.0681818
,19,91.59,185.91,17,100.0441176,187.0441176,,16,210.44,359.56,24,212.9583333,369.4583333,,21,279.097561,256.9268293,23,283.7065217,262.6630435,,22,102.6136364,133.2954545,18,95.64,134.81,,23,227.75,220.75,6,217.75,221.25,18,225.0833333,231.75,41,226.4817073,201.554878,,23,379.4,296.53,24,393.5833333,294.7083333,,17,78.33823529,306.6323529,25,70.95,307.31,,32,67.16,128.78,23,77.18478261,126.576087,,19,203.49,247.12,35,211.9214286,235.1214286,,16,136.5,108.375,25,136.99,117.55,19,146.5394737,102.3815789,,17,151.9852941,296.6911765,14,140.9642857,290.3928571,,25,210.83,318.95,27,232.8611111,312.787037,,21,100.1309524,348.75,18,94.75,328.4166667,,21,190.56,428.89,18,207.6944444,413.8611111,,20,317.5,270.5,22,322.9772727,256.8863636
,21,91.61,185.94,20,99.75,186.25,,16,210.25,360.25,23,211.6630435,369.1847826,,23,279.0108696,256.7934783,21,284.1309524,262.1309524,,19,102.4342105,132.3289474,26,94.79,133.44,,26,227.25,220.75,12,218.25,221.25,17,225.1029412,230.75,41,226.4817073,201.4573171,,24,378.96,296.46,21,392.75,294.1309524,,22,78.02272727,307.1590909,23,70.66304348,307.1847826,,33,66.99,128.81,20,76.8,126.35,,19,203.38,246.28,38,211.5394737,234.5657895,,16,136.25,107.75,22,137.1136364,116.2954545,24,145.1666667,101.1666667,,18,152.1388889,296.1388889,21,139.8928571,290.3214286,,25,211.35,318.79,23,232.6630435,311.7934783,,19,99.59210526,347.9078947,21,94.22619048,326.9880952,,26,189.75,429.25,20,207.5,413.8,,21,316.94,269.8,24,323.25,256.25
,20,91.7,185.85,18,99.25,185.9722222,,18,210.25,359.97,22,211.6590909,369.6590909,,21,278.5119048,256.4642857,22,283.6590909,261.8409091,,19,102.3289474,131.8552632,24,94.75,132.88,,22,227.0227273,220.25,5,217.55,220.75,20,225.45,230.25,47,226.4734043,201.1329787,,26,379.06,295.79,22,392.4772727,293.7045455,,23,77.75,307.576087,20,70,307.1,,32,66.84,128.25,18,76.08333333,125.75,,24,203.42,246.08,36,211.6944444,234.1111111,,19,136.9078947,107.5921053,26,137.25,115.6346154,25,144.71,101.19,,18,151.9722222,296.25,24,139.875,289.4166667,,29,211.2327586,318.8534483,26,232.1730769,311.8269231,,20,99.2,348,21,94.60714286,326.4166667,,26,189.63,429.06,22,206.8409091,413.8409091,,21,317.18,268.85,25,323.35,255.99
,20,91.6,186.05,20,99.25,186.25,,18,210.08,359.75,24,211.625,369.0833333,,19,278.4868421,256.3815789,22,283.6590909,261.3863636,,21,101.9404762,131.797619,22,94.39,132.8,,25,226.99,219.99,7,217.75,220.4642857,19,225.4342105,229.5921053,40,226.725,201.175,,22,378.84,295.66,23,392.576087,293.75,,20,77.55,307.3,15,70.15,306.35,,35,66.58,127.72,17,75.98529412,125.8676471,,20,203.25,245.25,37,211.8040541,233.6148649,,17,136.6323529,107.1617647,24,137.25,114.75,25,144.79,100.99,,22,151.6590909,295.8409091,21,139.8928571,288.5595238,,26,210.9038462,318.25,23,231.75,311.75,,20,98.8,347.5,21,94.75,326.3690476,,25,189.51,427.71,19,206.8552632,413.1710526,,20,316.4,269.1,26,323.6346154,255.4423077
,22,91.11,185.66,18,98.02777778,186.1388889,,12,209.75,358.92,19,211.6447368,368.3289474,,20,278.15,256.1,17,283.6323529,259.6911765,,21,101.6071429,131.8928571,19,93.8,131.8,,23,226.75,220.0108696,6,217.25,219.0833333,16,225.125,228.75,37,226.6148649,200.6689189,,31,379.3,295.04,18,392.1944444,293.9722222,,13,77.36538462,305.9038462,15,70.35,306.15,,31,66.49,127.72,18,75.30555556,125.9722222,,14,203.18,245.11,33,211.4469697,233.6893939,,10,135.95,106.75,19,138.0131579,113.9078947,16,144.25,100.25,,14,152.1785714,294.3928571,13,139.75,287.1346154,,21,210.75,317.75,21,231.4642857,311.3690476,,12,98.25,346.75,9,94.30555556,325.9722222,,20,198.05,426.6,12,206.25,412.75,,15,316.62,268.08,25,323.51,255.11
,21,91.46,185.37,19,97.96052632,186.1184211,,18,209.75,358.42,25,211.55,367.83,,27,277.3055556,256.0462963,28,283.0714286,260.75,,24,101.5416667,131.5,16,94.25,132.25,,26,226.9807692,219.9038462,10,216.95,218.75,18,224.8611111,228.4722222,43,226.6337209,199.8662791,,32,379.25,293.75,24,392.5,293.4166667,,24,78.125,306.1666667,21,70.81395349,305.7267442,,35,66.41,126.84,20,75.45,125.85,,21,203.99,244.23,43,212.5174419,233.8662791,,19,135.5921053,106.1710526,29,137.7155172,113.3362069,25,144.75,99.59,,23,152.1413043,294.5326087,20,139.75,288.25,,26,211.25,317.75,24,230.6666667,310.8333333,,20,98.15,346.5,22,94.06818182,325.5681818,,24,197.29,424.79,19,206.75,412.3815789,,21,316.75,267.61,33,323.1742424,254.3257576
,44,96.52,184.84,,,,,19,209.59,357.59,30,210.95,367.0166667,,30,277.3833333,255.1166667,25,282.99,259.79,,21,101.8928571,130.5595238,26,95.1,130.87,,21,225.797619,218.9404762,11,216.6590909,218.3863636,21,224.75,227.75,6,227.75,198.75,,33,379.66,293.27,24,391.625,293.0833333,,24,77.875,305.6666667,24,69.875,304.5833333,,33,65.75,125.69,22,75.06818182,126.7045455,,20,204.3,243.6,43,212.4709302,232.6104651,,21,135.75,105.75,29,137.3362069,112.887931,20,144.5,98.4,,22,151.7045455,294.0227273,18,139.3611111,287.3611111,,24,211.0416667,316.75,25,230.31,309.99,,17,98.27941176,346.3970588,23,93.83695652,324.7934783,,24,196.46,423.54,21,206.4642857,411.8928571,,20,316,267.7,23,323.75,253.75
,44,96.52,184.84,,,,,19,209.59,357.59,30,210.95,367.0166667,,30,277.3833333,255.1166667,25,282.99,259.79,,21,101.8928571,130.5595238,26,95.1,130.87,,21,225.797619,218.9404762,11,216.6590909,218.3863636,21,224.75,227.75,6,227.75,198.75,,33,379.66,293.27,24,391.625,293.0833333,,24,77.875,305.6666667,24,69.875,304.5833333,,33,65.75,125.69,22,75.06818182,126.7045455,,20,204.3,243.6,43,212.4709302,232.6104651,,21,135.75,105.75,29,137.3362069,112.887931,20,144.5,98.4,,22,151.7045455,294.0227273,18,139.3611111,287.3611111,,24,211.0416667,316.75,25,230.31,309.99,,17,98.27941176,346.3970588,23,93.83695652,324.7934783,,24,196.46,423.54,21,206.4642857,411.8928571,,20,316,267.7,23,323.75,253.75
,44,97.68,184.27,,,,,19,209.12,356.8,31,210.4919355,366.1048387,,29,276.508547,255.8247863,27,282.8073394,259.3211009,,26,101.0882353,129.6911765,26,94.25,129.25,,22,225.5227273,218.3863636,15,216.2166667,217.8833333,18,223.9722222,226.25,45,227.4611111,210.1055556,,33,379.42,291.9,27,391.9351852,293.1574074,,22,75.15909091,308.9772727,23,69.48913043,304.3586957,,35,66.69,123.75,24,75.45833333,125.4583333,,22,204.66,243.66,38,211.8289474,232.1710526,,21,135.5595238,104.8452381,32,137.5625,111.8125,22,143.8409091,97.84090909,,25,150.71,294.15,25,139.35,286.79,,26,211.4423077,315.25,29,230.6810345,309.7155172,,23,98.35869565,345.7065217,21,93.60714286,323.9404762,,23,196.4,423.14,22,205.25,411.25,,23,315.71,266.66,26,323.9807692,253.0576923
,41,97.07,183.41,,,,,16,210.25,356.25,24,210.25,365.75,,28,275.25,255.5357143,22,281.8409091,258.5227273,,24,100.625,129.0833333,26,93.29,129.98,,23,225.1413043,217.5326087,16,216.1875,217.5,19,224.1184211,225.4868421,46,227.2282609,209.6195652,,29,378.82,292.06,28,391.6428571,292.4642857,,29,75.35042735,307.5555556,21,69.40588235,304.0882353,,36,66.33,123.69,23,75.61956522,124.9673913,,25,204.87,242.95,41,211.7987805,231.9207317,,20,135.25,104.25,30,137.3833333,111.3833333,22,143.8409091,97.84090909,,21,150.3690476,293.797619,22,139.1136364,286.2954545,,25,211.15,315.31,31,230.3951613,309.2983871,,22,98.34090909,344.9772727,22,93.65909091,323.8409091,,21,196.08,422.61,25,205.39,411.51,,22,315.61,266.39,25,324.35,252.71
,36,97.94,183.25,,,,,16,209.92,355.55,28,207.7017544,360.7982456,,26,275.2058824,255.3235294,16,282.046875,258.296875,,25,99.91,129.03,23,92.94,129.73,,22,225.0681818,217.4772727,12,215.5,217.0833333,17,224.4558824,225.3382353,44,226.9090909,209.3409091,,31,378.59,291.98,27,391.6018519,292.3796296,,26,74.59615385,307.0961538,22,68.61363636,303.75,,33,66.69,123.33,22,75.34090909,125.2954545,,26,204.83,242.98,41,212.8231707,232.5060976,,19,134.4868421,104.1184211,25,137.51,110.95,22,143.6590909,97.65909091,,23,150.4021739,293.576087,21,138.797619,286.4642857,,21,210.8452381,314.6547619,31,230.4919355,309.0080645,,27,98.26851852,344.8611111,27,92.63888889,323.2314815,,20,195.7,421.85,23,204.9673913,410.6195652,,21,315.94,265.7,25,324.35,252.79
,41,98.04,182.92,,,,,53,208.69,358.5,,,,,23,274.0978261,255.1413043,26,281.25,257.75,,25,100.35,128.79,30,93.08,128.95,,21,225.2261905,217.1309524,17,216.1617647,217.1617647,21,224.0357143,225.2261905,45,226.5944444,209.0833333,,34,378.04,291.25,27,391.3425926,291.4907407,,23,74.70652174,307.0108696,23,68.70652174,303.6630435,,34,66.66,123.01,22,75.47727273,125.25,,24,205.08,242.63,43,212.6337209,232.5174419,,21,134.1785714,103.75,22,137.25,110.3863636,22,143.25,97.75,,20,150.6,293.45,24,138.7083333,286.4583333,,24,210.7916667,314.5416667,31,230.9112903,308.9112903,,23,98.66304348,344.7934783,23,92.35869565,323.0108696,,41,190.99,411.14,22,205.5681818,410.5681818,,22,316.52,265.52,25,324.35,252.71
,42,97.39,182.06,,,,,49,209.04,358.1,,,,,25,273.31,253.83,26,279.9038462,257.4038462,,24,100.0416667,128.0416667,25,92.67,128.19,,20,224.75,216.25,17,215.3382353,216.6323529,23,223.1413043,223.6630435,47,226.3670213,208.4521277,,32,378.03,289.5,26,390.5192308,290.9038462,,23,74.66304348,306.1847826,24,68.25,302.5833333,,40,65.92,122.7,26,75.25,123.8653846,,25,206.35,241.79,41,212.5304878,231.6036585,,23,135.1847826,104.0108696,22,135.8863636,111.2045455,24,142.6666667,96.625,,24,150.4166667,292.625,25,138.99,284.95,,24,210.9166667,313.7916667,36,231.6111111,307.1388889,,24,98.29166667,345.4583333,27,92.15740741,320.9351852,,25,192.39,406.99,21,205.1309524,410.1785714,,25,315.51,265.07,27,323.8981481,251.4537037
,36,98.74,183.07,,,,,37,209.38,360.48,,,,,28,273.1785714,253.4285714,32,279.59375,257.375,,30,100.0166667,127.5166667,26,92.52,128.44,,21,224.6071429,216.2738095,16,215.75,216.375,26,224.5192308,223.4423077,44,226.4090909,208.7727273,,31,377.85,289.46,25,390.19,290.55,,24,74.45833333,306.9583333,25,68.31,302.83,,37,65.94,122.29,25,74.79,123.15,,26,206.33,241.06,43,212.6569767,232.1686047,,22,135.0227273,103.3863636,26,135.4038462,110.75,27,143.2685185,96.41666667,,21,150.1309524,292.1785714,26,139.4038462,284.4038462,,27,210.3425926,313.4907407,33,231.4166667,307.1742424,,24,97.875,345.0833333,26,91.32692308,320.9038462,,25,192.39,406.99,22,205.0681818,410.0681818,,26,315.56,264.67,27,324.3425926,251.6759259
,43,98.94,181.91,,,,,46,209.4,359.36,,,,,30,273.4159664,254.4663866,27,279.1121495,257.3271028,,30,99.95416667,126.8208333,30,93.18,127.27,,21,224.8928571,216.2261905,25,216.43,216.31,25,224.87,223.03,50,226.61,208.27,,32,378.41,289.28,25,389.75,290.75,,32,73.36153846,307.1,24,67.5,303.5638298,,34,65.9,122.13,27,74.41666667,122.9722222,,29,205.75,241.23,42,212.5595238,231.9880952,,23,135.3586957,102.5326087,22,136.25,110.0227273,27,143.3055556,96.34259259,,23,150.1413043,291.9673913,31,139.5887097,284.1693548,,28,210.0357143,313.6428571,29,231.3362069,306.887931,,22,97.65909091,344.6590909,27,90.15740741,320.3055556,,23,192.27,406.36,21,204.702381,409.5595238,,26,315.1,264.48,28,323.9642857,251.2857143
,46,101.22,182.39,,,,,45,208.86,357.88,,,,,20,272.9683544,253.8291139,30,277.6806723,256.7058824,,28,99.66363636,126.2954545,27,92.56,126.82,,25,225.15,215.83,19,215.9078947,215.9078947,22,224.6590909,222.6590909,51,226.3382353,207.7107843,,28,378.5,288.93,30,389.3833333,290.0833333,,27,73.75,307.6388889,20,67.25,303.25,,39,65.96,121.62,22,74.65909091,122.5227273,,24,206.04,240.71,40,212.9,231.575,,18,134.75,102.25,25,135.51,109.79,30,143.45,95.98333333,,24,149.5833333,291.625,24,139.4166667,283.875,,23,210.576087,313.75,35,231.3214286,307.5214286,,23,97.5326087,344.6195652,26,90.44230769,319.9807692,,21,192.08,406.13,22,204.6590909,409.6590909,,26,315.25,263.75,27,324.1574074,250.9351852
,44,98.64,181,,,,,47,208.47,357.75,,,,,55,275.8954545,255.3136364,,,,,29,99.19827586,125.5086207,25,92.27,127.11,,25,224.51,215.43,20,215.7,215.5,23,225.3586957,221.9673913,46,226.4021739,207.25,,33,377.78,288.14,25,389.03,290.07,,27,73.67592593,307.6759259,27,67.56481481,303.3425926,,37,65.59,121.78,25,74.39,121.35,,23,205.75,239.92,36,213.25,231.25,,26,134.25,101.25,23,135.923913,108.8804348,23,143.5326087,94.9673913,,24,149.9166667,290.875,25,139.79,283.35,,27,210.1574074,313.0092593,34,230.6911765,306.6911765,,28,97.46428571,344.2857143,25,90.23,319.67,,21,191.94,405.8,24,204.5,409.0833333,,25,315.19,263.83,21,323.75,250.75
,42,97.61,179.83,,,,,42,208.49,356.73,,,,,48,279.2708333,254.2916667,,,,,29,99.40517241,124.7155172,29,92.47,127.82,,23,224.3586957,214.4891304,18,215.8055556,214.8611111,22,225.1136364,221.2045455,44,225.8409091,206.2272727,,33,377.72,287.48,29,388.612069,289.4051724,,27,72.93518519,306.9351852,26,67.21153846,301.9038462,,38,65.38,120.88,24,74.70833333,120.75,,22,206.52,239.84,39,213.0320513,230.75,,28,134.75,100.8214286,24,137.1666667,108.4166667,28,143.4642857,94.21428571,,21,148.797619,290.1309524,26,139.0961538,282.5961538,,24,209.9583333,312.2083333,33,230.5378788,305.5378788,,20,97.1,344.4,27,89.97222222,318.5648148,,27,191.42,406.19,21,204.3690476,408.75,,24,314.25,262.75,26,323.7115385,250.0576923
,41,99.02,180.43,,,,,40,208.3,356.15,,,,,44,279,254.3409091,,,,,40,100.25,125.175,23,92.4,128.1,,21,224.3690476,214.1785714,19,215.8026316,214.5921053,21,224.8928571,220.0833333,49,226.0969388,205.9132653,,32,377.25,287.25,27,388.3425926,289.0092593,,23,72.35869565,306.6630435,27,66.86111111,301.2314815,,37,66.16,120.78,22,74.65909091,120.6590909,,28,206.07,239.07,46,212.9021739,230.6195652,,24,135.0833333,100.625,23,137.3586957,107.6630435,28,143.25,93.53571429,,19,148.6447368,290.1710526,23,138.75,281.75,,25,209.51,311.95,29,230.1637931,306.7155172,,21,97.60714286,344.2261905,25,90.35,317.99,,25,191.51,405.79,19,204.2763158,408.3815789,,27,313.75,262.27,30,323.4166667,249.85
,48,99.25,180.21,,,,,47,208.13,354.94,,,,,46,279.0543478,253.2717391,,,,,45,100.1055556,125.3277778,,,,,20,224.2,213.95,17,215.5735294,214.6911765,21,225.9404762,219.8928571,45,226.1722222,205.3055556,,31,377.33,286.69,29,388.1293103,288.3362069,,25,72.19,306.55,22,66.65909091,300.8409091,,40,66.58,120.1,22,74.25,119.4772727,,24,206.46,239.25,39,212.6730769,230.6474359,,25,133.91,100.75,25,137.07,107.75,25,143.51,93.71,,26,148.9807692,290.25,24,138.8333333,281.8333333,,31,209.5564516,311.7822581,33,230.5378788,306.5075758,,22,97.56818182,343.9318182,24,90.625,317.7083333,,23,190.84,405.79,25,207.55,414.51,,25,313.51,261.79,32,322.96875,249.65625
,41,99.7,180.26,,,,,47,208.37,354.3,,,,,46,279.2717391,253.3369565,,,,,45,99.83888889,124.9944444,,,,,48,225.0833333,216.2708333,15,215.15,214.35,48,225.0833333,216.2708333,46,226.3804348,205.3804348,,30,377.25,285.68,29,387.8189655,287.1637931,,28,72.25,306.25,26,66.63461538,300.9038462,,36,66.39,118.94,22,73.75,119.25,,26,206.98,239.25,41,212.8719512,230.2134146,,28,134.6785714,100.6785714,23,136.9673913,107.8369565,25,143.51,92.71,,26,148.75,289.25,24,139.4166667,281.625,,29,209.9224138,311.4741379,34,231.0735294,306.6911765,,23,98.5326087,333.5326087,22,90.84090909,317.8409091,,31,188.85,405.23,29,204.6452991,397.3547009,,30,313.12,261.12,28,323.5,249.6071429
,49,99.1,178.89,,,,,48,208.5,353.69,,,,,43,279.1918605,253.4709302,,,,,52,98.65384615,124.3461538,,,,,43,224.5872093,214.0290698,16,215.8125,213.4375,43,224.5872093,214.0290698,44,226.3863636,205.0454545,,29,377.65,284.82,30,387.3833333,286.2833333,,23,71.9673913,304.6630435,26,66.05769231,299.1730769,,33,65.39,117.99,24,73.83333333,118.6666667,,26,206.83,238.67,45,213.8611111,230.7055556,,24,135.4166667,99.875,24,136.1666667,107.5416667,28,143.4642857,92.39285714,,25,147.87,288.79,25,138.63,280.31,,28,210.1785714,310.4285714,34,231.0441176,304.8382353,,19,97.96052632,334.1184211,23,90.14130435,317.7065217,,30,189.42,404.75,19,205.1184211,394.2763158,,29,313.06,260.85,28,324.25,248.75
,46,99.25,178.84,,,,,49,208.53,354.12,,,,,46,278.9456522,253.9021739,,,,,50,98.63,125.11,,,,,45,224.6388889,213.8166667,13,215.3653846,213.1346154,45,224.6388889,213.8166667,47,226.7074468,205.2819149,,56,386.4285714,282.8214286,,,,,27,72.34259259,305.0092593,24,66.45833333,299.9583333,,31,65.4,117.69,28,73.14285714,120.25,,24,207.92,238.71,39,213.6730769,230.3141026,,25,136.35,99.47,29,137.2672414,106.8534483,33,143.3863636,91.99242424,,27,148.1574074,288.3055556,25,138.75,280.43,,30,209.3833333,310.1166667,39,229.8782051,305.6987179,,27,98.30555556,333.9722222,24,90.41666667,317.625,,26,189.87,404.9,24,204.875,393.4166667,,28,313.07,260.75,33,324.5075758,248.5681818
,43,98.89,178.68,,,,,52,208.29,353.38,,,,,52,279.4615385,254.1730769,,,,,50,98.67,125.11,,,,,44,224.7272727,213.6363636,14,215.1785714,212.75,44,224.7272727,213.6363636,50,226.73,204.79,,62,387.3790323,281.9435484,,,,,29,71.92241379,304.6465517,23,66.75,299.576087,,34,66.25,117.1,26,73.44230769,119.9423077,,29,207.58,237.85,45,213.8166667,229.8833333,,22,136.9044944,98.81460674,32,137.8837209,105.8372093,29,143.4396552,91.64655172,,23,147.4891304,288.3586957,22,138.6590909,280.6590909,,28,209.3214286,310.4642857,35,229.4928571,306.0071429,,25,97.71,334.15,28,90.07142857,317.25,,31,189.17,404.59,22,204.8409091,393.8409091,,30,313.78,260.32,36,324.8611111,248.4166667
,43,98.4,178.59,,,,,54,208.44,353.1,,,,,49,279.5867347,252.9540816,,,,,50,98.67,124.59,,,,,43,224.8430233,213.3546512,15,215.15,212.8166667,43,224.8430233,213.3546512,49,226.8112245,204.3010204,,60,387.3333333,281.5,,,,,25,72.18181818,304.2121212,30,67.35714286,299.5504202,,33,66.39,116.48,28,73.03571429,119.6428571,,26,206.98,237.83,38,213.4605263,229.3552632,,22,136.8409091,98.11363636,35,137.8071429,105.4071429,28,143.6785714,91.53571429,,23,147.7934783,287.8369565,27,137.9722222,280.8981481,,31,209.2983871,310.0725806,39,230.3141026,305.8525641,,27,96.93518519,334.3425926,27,89.49074074,316.6759259,,30,189.12,404.12,20,204.65,393.8,,27,313.34,259.82,29,324.3017241,247.0603448
,43,98.49,178.98,,,,,46,208.21,352.6,,,,,49,279.0561224,252.3010204,,,,,49,98.58673469,124.1785714,,,,,39,224.9038462,212.9294872,19,214.6447368,211.75,39,224.9038462,212.9294872,49,226.6071429,204.0153061,,58,387.6293103,280.9224138,,,,,26,70.38834951,303.6990291,21,66.84705882,298.4823529,,38,66.04,116.12,30,73.08333333,119.9166667,,35,207.86,237.78,40,213.4,229.15,,21,137.1309524,98.17857143,29,137.4741379,105.3706897,27,143.6388889,91.08333333,,28,147.25,287.8928571,28,137.1071429,280.3928571,,26,208.75,309.6346154,38,230.3552632,306.5394737,,25,95.95,334.31,25,89.75,316.43,,30,189.12,404.12,18,204.25,394.3055556,,32,313.25,259.25,31,323.75,246.5241935
,40,98,178.78,,,,,42,207.87,351.94,,,,,53,279.4669811,252.4481132,,,,,43,98.77325581,123.2848837,,,,,40,224.875,212.975,14,215.0357143,212.25,40,224.875,212.975,44,226.6590909,203.7045455,,68,387.6617647,280.3529412,,,,,50,68.13,300.85,,,,,35,66.29,115.95,28,72.67857143,119.6071429,,35,208.24,237.52,38,212.9868421,228.6710526,,23,137.2282609,98.48913043,31,137.0122951,105.3278689,27,143.8240741,91.00925926,,22,147.25,288.1136364,29,137.0603448,279.6465517,,29,209.1637931,309.612069,35,229.5214286,306.1214286,,28,96.03571429,333.4642857,24,89.41666667,315.625,,31,189.2,404.4,18,204.1388889,394.5277778,,32,312.91,259.28,31,323.7177419,246.0080645
,49,97.77,177.55,,,,,42,207.35,350.8,,,,,56,279.6607143,252.1428571,,,,,50,98.95,122.73,,,,,38,225.3815789,212.0131579,12,214.75,211.25,38,225.3815789,212.0131579,45,226.3055556,203.0388889,,63,387.8293651,279.9404762,,,,,50,68.01,300.55,,,,,35,66,115.19,32,71.89147287,119.7906977,,32,207.41,237.16,37,213.2094595,228.4256757,,24,137.875,96.95833333,31,137.1048387,104.7177419,25,144.55,90.99,,30,146.3166667,286.75,29,135.612069,279.1637931,,38,209.8289474,309.4078947,36,227.3611111,304.8888889,,32,95.5,334.15625,27,89.00925926,315.1574074,,30,189.35,403.72,24,203.7083333,393.2916667,,32,311.91,258.44,31,322.5241935,245.3306452
,43,97.68,177.19,,,,,43,207.28,350.47,,,,,52,278.8846154,251.7307692,,,,,50,98.75,122.87,,,,,42,225.6785714,211.4404762,14,214.4642857,211.25,42,225.6785714,211.4404762,43,225.8197674,202.4011628,,57,387.8201754,279.6798246,,,,,52,67.94230769,299.8461538,,,,,37,65.48,115.45,29,72.1637931,119.1982759,,27,207.19,236.53,39,212.6217949,228.6217949,,26,138.3653846,97.32692308,32,136.84375,104.53125,27,144.1203704,90.34259259,,26,146.1346154,286.2884615,29,135.5086207,278.9224138,,36,209.4444444,309.25,34,227.4852941,303.75,,27,95.34259259,334.6759259,24,89.08333333,314.875,,31,189.3,403.46,21,203.75,393.75,,32,312.16,257.91,37,321.9391892,245.5067568
,42,96.94,177.13,,,,,48,207.21,350.65,,,,,55,278.9136364,251.75,,,,,49,99.1377551,122.5663265,,,,,39,226.0064103,211.3141026,13,214.3653846,211.3653846,39,226.0064103,211.3141026,47,225.962766,202.6861702,,55,387.4590909,278.9681818,,,,,48,67.85416667,299.5625,,,,,35,65.52,115.18,22,72.65909091,118.6590909,,29,207.09,236.03,44,212.8409091,228.5454545,,25,138.43,97.31,27,136.5277778,104.4537037,24,144.0833333,89.875,,29,145.8189655,285.5086207,28,135.5714286,279.0714286,,38,209.8552632,309.25,35,227.4357143,303.8357143,,25,95.75,335.07,26,88.25,313.5192308,,32,188.91,403.41,25,203.99,393.15,,27,312.68,257.16,31,322.1693548,245.2016129
,42,96.56,176.96,,,,,44,206.95,350.77,,,,,54,278.8611111,251.787037,,,,,46,99.18478261,121.7065217,,,,,42,226.1071429,211.6309524,17,214.3382353,210.6323529,42,226.1071429,211.6309524,48,226.2291667,202.8125,,59,387.4279661,278.5466102,,,,,49,67.07653061,298.0765306,,,,,35,65.15,115.09,21,71.94047619,118.702381,,29,207.47,235.92,45,212.9944444,227.9055556,,22,138.6611111,96.72222222,30,136.9833333,103.3833333,31,144.0080645,89.36290323,,25,145.2806122,284.9285714,29,135.4396552,278.8534483,,34,209.4558824,309.25,40,227.125,304.35,,27,95.49074074,334.3055556,26,87.44230769,313.8653846,,29,188.34,402.68,23,203.9673913,392.7934783,,26,312.87,256.75,34,322.3970588,244.9264706
,41,96.41,176.75,,,,,40,207.25,349.95,,,,,52,278.7692308,251.6538462,,,,,51,98.63235294,121.7303922,,,,,37,225.3986486,211.5067568,15,214.35,210.35,37,225.3986486,211.5067568,48,225.9375,202.5833333,,60,386.7833333,278.5333333,,,,,48,66.79166667,298.0625,,,,,37,65.45,114.59,24,71.875,117.4166667,,28,207.5,235.71,44,212.9318182,227.7954545,,21,137.4404762,96.16666667,39,137.1346154,102.9294872,26,143.0961538,89.09615385,,27,145.3796296,284.8981481,25,135.51,278.95,,32,208.96875,309.125,36,226.7222222,304,,28,95.92857143,334.6071429,4.25,81.02941176,320.7941176,,30,188.68,402.85,22,204.25,392.25,,26,312.75,256.87,34,322.0147059,244.5147059
,42,95.73,175.42,,,,,44,207.57,349.52,,,,,54,279.1574074,250.3240741,,,,,49,98.21938776,121.6887755,,,,,38,225.0657895,210.9078947,14,214.25,210.25,38,225.0657895,210.9078947,40,225.375,201.65,,58,386.4741379,278.1465517,,,,,47,65.7287234,297.8351064,,,,,38,64.48,114.49,26,71.52380952,116.5904762,,32,207.78,235.41,41,213.7256098,227.8719512,,25,137.19,93.95,31,136.5887097,101.9758065,28,143.25,89.25,,22,145.5055556,284.3,27,135.3796296,278.0092593,,31,208.9435484,308.6532258,35,227.3214286,303.0357143,,25,95.71,334.51,24,86.29166667,313.5,,32,188.06,401.91,30,203.7833333,391.85,,35,311.12,255.98,32,321.625,243.28125
,44,95.39,174.7,,,,,40,207.25,349.25,,,,,55,279.4227273,249.6227273,,,,,51,98.00490196,121.8676471,,,,,41,224.554878,210.6280488,13,214.3653846,210.1346154,41,224.554878,210.6280488,41,225.8963415,201.945122,,59,386.4788136,277.7838983,,,,,48,65.29166667,298.1041667,,,,,42,64.39,113.9,22,71.41111111,116.4333333,,28,207.57,235.46,42,213.8214286,227.9642857,,24,137.5,93.54166667,34,136.0441176,102.2205882,26,143.0961538,89.09615385,,25,145.4030612,284.1326531,29,135.3362069,277.3017241,,30,209.15,308.85,35,225.9214286,302.6071429,,25,95.95,334.19,27,86.30555556,313.3425926,,31,187.59,401.27,29,203.3362069,391.1982759,,33,310.9,255.84,31,321.4919355,243.1048387
,45,95.57,174.02,,,,,40,207.25,348.95,,,,,57,278.8377193,249.4342105,,,,,54,97.39814815,121.8055556,,,,,37,223.8310811,210.9121622,13,214.3653846,209.1346154,37,223.8310811,210.9121622,44,226.1136364,202.3636364,,58,386.3362069,277.3706897,,,,,51,64.73039216,297.9656863,,,,,37,64.51,113.3,26,71.1952381,115.7857143,,27,206.64,235.42,40,213.7,228.075,,25,138.43,93.43,32,136.25,101.75,26,143.2884615,88.44230769,,31,146.0080645,284.4919355,28,135.0357143,276.9642857,,30,208.85,309.0166667,39,225.9551282,302.6217949,,30,95.91666667,334.3166667,26,85.90384615,313.0961538,,35,187.44,401.58,27,203.6388889,391.4537037,,32,310.34,256,33,322.1742424,243.2045455
,44,95.48,174.09,,,,,40,207.18,348.57,,,,,50,278.25,249.45,,,,,57,97.29385965,120.9429825,,,,,34,222.9558824,210.5147059,13,214.1346154,209.1346154,34,222.9558824,210.5147059,41,225.2134146,201.6280488,,52,386.3461538,276.9038462,,,,,26,66.3952381,299.547619,,,,,39,64.34,112.92,31,71.22357724,115.5081301,,27,207.19,235.56,43,214.6337209,228.005814,,19,138.5394737,93.38157895,35,136.4928571,101.4928571,29,143.0603448,87.54310345,,26,145.5961538,283.8653846,28,134.9285714,277.4285714,,32,209.1875,308.53125,35,225.5214286,302.1214286,,31,95.62096774,333.5241935,23,86.40217391,312.4891304,,34,187.6,401.4,21,204.0357143,392.1785714,,33,310.27,255.72,31,322.1370968,243.1370968
,43,94.84,173.68,,,,,35,206.75,347.49,,,,,49,278.5663265,249.5255102,,,,,50,97.87,120.91,,,,,54,219.8240741,209.0462963,,,,,,,49,225.0153061,200.994898,,52,386.4038462,276.3653846,,,,,52,64.55769231,297.5192308,,,,,55,67.99,113.75,,,,,30,207.68,234.82,43,213.8197674,228.494186,,24,139.3333333,92.45833333,31,137.1693548,100.2983871,28,142.9285714,85.39285714,,29,146.5431034,283.3017241,27,135.8981481,276.9722222,,36,208.6111111,309.1388889,38,224.1184211,302.1184211,,32,96.09375,333.4375,29,86.1637931,312.887931,,34,186.81,400.28,26,203.4038462,391.3269231,,34,309.43,255.34,28,322.25,242.9642857
,39,95.31,173.83,,,,,40,206.47,347.75,,,,,51,277.8480392,249.1421569,,,,,51,98.00490196,120.8284314,,,,,55,219.4772727,208.7136364,,,,,,,46,224.3804348,200.3804348,,59,386.7669492,277.0042373,,,,,52,64.86538462,297.8269231,,,,,66,66.83,112.99,,,,,30,207.72,234.65,39,214.6217949,229.0833333,,22,138.7045455,91.84090909,33,137.0530303,99.4469697,25,143.07,85.99,,27,146.712963,282.75,31,135.4596774,277.2983871,,36,208.6111111,309.1388889,34,223.4558824,301.4264706,,25,96.71,332.35,27,86.15740741,312.6759259,,32,186.66,400.13,27,203.0092593,390.787037,,29,309.23,254.72,31,321.6532258,243.0080645
,45,95.55,173.95,,,,,43,205.94,347.49,,,,,47,277.856383,249.1755319,,,,,56,98.57142857,120.125,,,,,54,219.2685185,208.1388889,,,,,,,48,224.9166667,200.5416667,,58,387.0258621,277.2155172,,,,,49,64.89285714,298.2193878,,,,,59,67.17,113.11,,,,,30,207.62,234.22,40,214.9,228.675,,21,137.9404762,92.03571429,31,137.1693548,100.2983871,23,143.1413043,85.9673913,,31,147.0403226,282.5887097,28,134.9285714,277.4285714,,35,208.4071429,309.0357143,39,223.5961538,301.724359,,26,96.28846154,332.0961538,26,85.86538462,312.5192308,,30,186.64,400.58,26,202.9807692,390.6730769,,28,309.11,254.29,29,322.1637931,243.1982759
,42,95.01,173.75,,,,,40,206.13,347.82,,,,,51,278.2205882,249.377451,,,,,52,98.19230769,120.25,,,,,46.5,218.9086022,207.8763441,,,,,,,48.5,224.9845361,200.4819588,,57,387.1885965,277.0833333,,,,,47,64.68617021,298.4946809,,,,,68,65.97,112.78,,,,,31,207.27,233.72,37,214.8851351,229.0472973,,22,137.7954545,92.65909091,32,137.53125,100.625,28,143.25,85.89285714,,27,146.712963,281.787037,34,134.6029412,276.9264706,,34,208.3382353,309.0735294,34,223.1911765,301.7794118,,24,95.875,332.0833333,23,85.57608696,312.4456522,,35,186.23,399.5,30,202.6166667,391.2166667,,42,309.08,255.49,31,321.9758065,243.5564516
,38,94.7,173.46,,,,,38,205.49,347.88,,,,,53,279.1273585,249.4481132,,,,,51,97.92647059,119.6127451,,,,,48,218.3541667,207.7083333,,,,,,,49,224.5459184,200.1377551,,57,386.3640351,277.0657895,,,,,51,64.41666667,298.495098,,,,,67,66.03,112.53,,,,,28,207.36,234.14,40,214.425,229.25,,24,137.75,93.08333333,33,137.0227273,100.5681818,32,143.125,86.59375,,32,146.59375,282,25,134.83,276.47,,40,207.675,309.475,35,221.35,301.2642857,,31,95.04032258,332.1693548,22,85.11363636,312.2954545,,27,186.42,399.27,26,202.6730769,391.1346154,,33,309.23,254.72,30,322.0833333,243.25
,47,94.77,173.66,,,,,38,205.43,347.59,,,,,53,279.0896226,248.4292453,,,,,51,97.18137255,119.3186275,,,,,49,217.872449,207.505102,,,,,,,47,224.6010638,200.1968085,,59,386.5127119,277.0720339,,,,,,,,,,,,68,65.5,111.88,,,,,30,207.58,234.12,40,214.825,229.525,,24,138.0416667,92.70833333,29,136.9568966,99.71551724,27,143.0092593,87.00925926,,25,146.39,281.43,30,135.5166667,275.4833333,,35.25,212.0769231,307.8076923,35,220.6928571,301.3214286,,33,95.02272727,331.8409091,26,85.40384615,312.6730769,,27,186.23,398.75,27,202.9722222,390.8240741,,27,309.34,253.68,28,321.6071429,242.3571429
,44,95.07,174.68,,,,,37,205.43,347.53,,,,,51,278.5539216,247.9068627,,,,,51,96.8872549,118.9460784,,,,,53.25,218.4671362,207.0046948,,,,,,,51.25,224.2731707,199.7536585,,56,386.9821429,276.8392857,,,,,,,,,,,,67,62.56,110.41,,,,,32,207.47,233.53,41,214.8231707,229.3353659,,22,137.7954545,91.65909091,30,137.0166667,99.55,32,143.375,86.90625,,29,146.2327586,281.1982759,29,135.3017241,275.1637931,,29,205.8534483,310.7155172,35,220.3785714,301.4928571,,29,95.1637931,331.1293103,24,85.08333333,312.2083333,,29,186.65,398.65,26,202.7115385,391.3269231,,31,309.2,253.33,27,321.5277778,242.8611111
,41,94.75,173.6,,,,,42,205.32,347.94,,,,,50,278.23,247.85,,,,,52,97.65384615,119.1153846,,,,,51.25,217.2414634,206.0146341,,,,,,,46.25,223.5891892,199.0567568,,57,387.504386,275.7850877,,,,,,,,,,,,63,65.5,110.24,,,,,30,207.26,232.99,46,214.3296703,229.0824176,,23,137.9086022,90.95698925,29,137.3017241,98.50862069,33,143.3082707,87.10150376,,28,146.6071429,280.6785714,34,134.8382353,275.3382353,,34,206.1617647,310.1323529,38,219.8026316,301.8289474,,20,95.65,329.7,29,89.75,322.4051724,,31,185.85,399.4,28,203.2142857,391.1785714,,27,307.94,253.16,30,321.1166667,242.3833333
,38,94.67,172.99,,,,,39,205.26,347.01,,,,,57,278.5745614,247.627193,,,,,54,97.15740741,118.9907407,,,,,57,217.6447368,205.5745614,,,,,,,46,224.0326087,198.1847826,,51,388.1421569,275.5931373,,,,,,,,,,,,66,65.28,110.45,,,,,29,206.92,232.54,41,214.0426829,229.1158537,,55,140.8954545,88.38636364,29,137.4396552,98.19827586,55,140.8954545,88.38636364,,28,145.6428571,280.1071429,35,135.0071429,275.2928571,,33,206.1742424,310.0833333,38,219.5657895,301.6710526,,23,94.83695652,329.5326087,31,88.55645161,322.4596774,,29,186.03,399.16,26,203.25,390.75,,30,307.38,253.38,34,321.4264706,241.6029412
,57,94.47,172.21,,,,,39,205.6,345.44,,,,,49,278.5255102,248.0561224,,,,,50,96.53,118.83,,,,,52,216.5769231,204.9807692,,,,,,,48,223.375,198.1875,,56,387.7857143,274.7857143,,,,,,,,,,,,63,64.35,109.62,,,,,29,206.37,231.1,37,213.8537415,228.3537415,,53,141.1839623,87.37264151,33,137.1439394,97.11363636,53,141.1839623,87.37264151,,23,145.7065217,279.4891304,28,135.6071429,275.25,,35,205.6928571,309.8071429,35,219.5214286,301.3214286,,24,95.125,328.125,28,90.35714286,319.7142857,,27,185.68,398.34,26,201.4038462,390.0192308,,32,307.09,252.06,32,321.0625,241.1875
,53,94.39,172.13,,,,,40,205.55,345.52,,,,,49,278.5255102,248.0561224,,,,,50,96.53,118.83,,,,,52,216.5769231,204.9807692,,,,,,,48,223.375,198.1875,,57,387.8377193,274.8552632,,,,,,,,,,,,63,64.35,109.62,,,,,29,206.37,231.1,37,213.8537415,228.3537415,,53,141.1839623,87.37264151,33,137.1439394,97.11363636,53,141.1839623,87.37264151,,23,145.7065217,279.4891304,28,135.6071429,275.25,,35,205.6928571,309.8071429,35,219.5214286,301.3214286,,24,95.125,328.125,28,90.35714286,319.7142857,,27,185.68,398.34,26,201.4038462,390.0192308,,32,307.09,252.06,33,321.1439394,241.1136364
,45,93.79,172.04,,,,,36,205.19,344.06,,,,,52,278.1923077,247.25,,,,,52,94.88461538,119.5961538,,,,,59.25,216.3312236,204.5991561,,,,,,,46,222.7065217,197.9673913,,56,387.625,274.6964286,,,,,,,,,,,,66,64.23,108.34,,,,,63,208.37,228.61,,,,,50,141.03,86.99,29,137.3017241,95.50862069,50,141.03,86.99,,22,144.8409091,278.8409091,27,136.1574074,274.4537037,,33,205.2954545,309.6590909,39,219.0064103,300.9038462,,25,94.31,327.35,29,91.06034483,319.3017241,,29,185.09,398.58,27,200.5277778,389.8611111,,28,305.96,250.43,32,320.71875,240.375
,45,92.33,171.86,,,,,39,205.52,343.29,,,,,51,278.0441176,247.122549,,,,,57,95.11842105,118.3464912,,,,,53,215.7735849,204.1886792,,,,,,,46,222.2282609,197.9021739,,54,387.4537037,274.4351852,,,,,,,,,,,,66,64.61,108.61,,,,,75,207.59,228.76,,,,,22,136.8563218,87.81609195,33,137.6590909,94.99242424,34,142.6962963,86.06296296,,27,145.3055556,279.0833333,24,136.4583333,274.7083333,,39,204.5192308,309.6217949,35,218.6928571,300.75,,22,93.84090909,326.6590909,35,90.89285714,319.1785714,,32,185.06,398,26,200.9038462,389.4807692,,35,306.44,250.58,33,320.2954545,239.9924242
,39,91.34,171.11,,,,,39,205.31,342.96,,,,,53,277.9575472,246.6367925,,,,,54,94.58333333,118.6759259,,,,,48,216.0994764,203.6989529,,,,,,,48.5,221.314433,197.742268,,51,387.2794118,273.8872549,,,,,,,,,,,,61,64.6,107.9,,,,,69,207.04,228.63,,,,,49,140.2193878,86.26020408,25,138.15,94.71,49,140.2193878,86.26020408,,24,144.4166667,278.875,32,136.3125,274.625,,30,205.55,309.3166667,36,218.7222222,300.8333333,,24,93.54166667,326.5,29,91.1637931,318.612069,,30,184.92,397.82,29,201.8534483,389.9224138,,33,306.11,250.54,34,320.6029412,239.1617647
,39,91.08,170.83,,,,,45,205.73,343.26,,,,,52,277.6346154,246.1923077,,,,,50,93.83,118.95,,,,,37,215.0958904,202.8150685,,,,,,,48.5,221.5103093,197.7216495,,48,386.9791667,273.0625,,,,,,,,,,,,65,64.12,107.84,,,,,66,206.81,228.6,,,,,50,140.05,85.57,27,138.4537037,93.75,50,140.05,85.57,,24,144.0833333,278.75,27,136.4537037,274.8981481,,32,205.375,308.34375,32,218.3125,300.34375,,31,92.94354839,326.266129,28,90.57142857,318.2142857,,28,184.79,398.18,9,200.3783784,390.7432432,,28,305.82,250.82,29,320.3362069,239.1982759
,40,90.47,170.82,,,,,43,205.63,342.63,,,,,51,278.2794118,245.9460784,,,,,51,92.55392157,118.8284314,,,,,38,215.1405229,202.5490196,,,,,,,41.25,221.6848485,197.3727273,,52,386.25,272.6346154,,,,,,,,,,,,63,63.27,106.92,,,,,62,206.7,228.98,,,,,49,139.9540816,85.15816327,31,139.3306452,93.2016129,49,139.9540816,85.15816327,,25,144.07,278.31,27,137.1944444,275.712963,,31,204.9435484,308.1370968,33,218.0530303,300.0833333,,29,93.1637931,325.7155172,31,89.62096774,317.6854839,,29,184.78,398.06,21,200.9880952,398.6547619,,32,305.25,251.25,33,321.3863636,240.0227273
,39,90.03,170.16,,,,,40,205.32,342.4,,,,,48,277.75,245.5,,,,,51,92.16176471,118.5147059,,,,,32,213.5984252,203.2834646,,,,,,,55.75,220.3744395,198.3654709,,54,386.3796296,272.9907407,,,,,,,,,,,,63,62.94,105.65,,,,,65,206.81,228.97,,,,,50,139.17,84.27,33,139.3257576,92.41666667,50,139.17,84.27,,25,144.31,277.95,26,137.75,275.25,,36,203.6111111,307.1388889,37,217.3986486,299.9662162,,24,93.25,324.5833333,27,88.19444444,317.4537037,,27,184.53,397.31,20,200.85,398.45,,31,305.04,251.3,33,321.2954545,239.6590909
,41,89.63,169.63,,,,,43,205.84,342.42,,,,,45,277.1277778,244.7944444,,,,,50,92.13,117.65,,,,,36,212.2613636,203.375,,,,,,,56,220.2723214,197.3258929,,55,386.1863636,272.4954545,,,,,,,,,,,,59,63.26,105.61,,,,,67,206.76,228.97,,,,,25,135.6122449,84.1122449,31,139.3306452,91.2016129,21,141.8837209,82.80232558,,27,144.1574074,277.3055556,26,137.4807692,274.4038462,,40,203.725,306.675,31,217.266129,299.4919355,,24,93.08333333,324.625,27,87.93518519,317.1574074,,28,184,397.43,22,200.5227273,398.3863636,,32,305.25,251.25,30,320.25,239.25
,38,89.22,168.91,,,,,48,206.38,341.65,,,,,49,276.2602041,244.872449,,,,,48,91.85416667,117.6666667,,,,,91.25,214.2,201.9848485,,,,,,,,,,,52,386.5769231,272.7307692,,,,,,,,,,,,60,63.43,105.56,,,,,65,206.18,229.13,,,,,21,135.6829268,84.06097561,33,139.5378788,91.11363636,26,141.4509804,82.06862745,,32,145.1835938,276.8476563,29,137.3706897,274.8189655,,37,203.5067568,306.1013514,33,217.719697,299.5681818,,28,93.39285714,325.2857143,33,88.41666667,317.1742424,,26,183.9,397.21,24,200.625,397.7916667,,29,306.03,250.34,37,320.6148649,238.8851351
,42,89.44,168.82,,,,,41,206.21,342.41,,,,,52,276.4423077,244.4038462,,,,,45,91.32777778,117.1944444,,,,,98,213.8035714,202.0059524,,,,,,,,,,,48,386.6666667,272.7708333,,,,,,,,,,,,59,63,106.09,,,,,63,206.42,229.27,,,,,25,135.244898,83.70408163,29,139.4741379,90.26724138,21,141.7941176,81.18823529,,26,144.75,276.25,29,137.612069,274.1293103,,42,204.6785714,305.0357143,34,217.4558824,299.25,,28,93.39285714,325.1071429,23,87.57608696,317.75,,29,183.61,397.16,24,199.7083333,398.7083333,,32,305.91,251.13,36,320.6111111,238.25
,40,88.83,168.1,,,,,43,206.49,342.68,,,,,53,276.2216981,244.259434,,,,,47,90.40957447,116.2393617,,,,,88.75,213.1993007,201.1328671,,,,,,,,,,,49,386.6071429,271.4642857,,,,,,,,,,,,61,63.42,105.75,,,,,59,206.09,230.06,,,,,78,139.6346154,84.71153846,,,,78,139.6346154,84.71153846,,30,144.0833333,275.65,28,136.75,273.25,,38,204.4605263,303.8815789,33,217.2348485,298.719697,,24,93.45833333,325.0416667,27,87.15740741,317.4907407,,27,182.82,397.16,24,199,398.1666667,,26,306.25,249.98,33,321.0530303,237.0530303
,40,88.83,168.1,,,,,43,206.49,342.68,,,,,53,276.2216981,244.259434,,,,,47,90.40957447,116.2393617,,,,,88.75,213.1993007,201.1328671,,,,,,,,,,,49,386.6071429,271.4642857,,,,,,,,,,,,61,63.42,105.75,,,,,59,206.09,230.06,,,,,78,139.6346154,84.71153846,,,,78,139.6346154,84.71153846,,30,144.0833333,275.65,28,136.75,273.25,,38,204.4605263,303.8815789,33,217.2348485,298.719697,,24,93.45833333,325.0416667,27,87.15740741,317.4907407,,27,182.82,397.16,24,199,398.1666667,,26,306.25,249.98,33,321.0530303,237.0530303
,37,89.32,167.13,,,,,45,206.08,342.31,,,,,57,276.2938596,242.3114035,,,,,49,89.89285714,114.994898,,,,,104.25,212.125,201.5785714,,,,,,,,,,,59,386.8686441,270.5466102,,,,,,,,,,,,67,62.24,106.02,,,,,67,205.42,230.05,,,,,51,138.495098,85.35784314,,,,22,142.1590909,79.47727273,,69,140.3231047,274.666065,,,,,34,204.3088235,304.6911765,35,215.8928571,297.2642857,,26,93.09615385,324.4038462,29,87.1637931,317.0948276,,29,182.82,396.75,26,199.3203883,397.4902913,,34,306.78,249.13,36,320.5833333,237.3055556
,38,89.91,167.22,,,,,50,205.65,341.93,,,,,53,275.7688679,241.9009434,,,,,51,89.84803922,114.9852941,,,,,93,212.7317073,200.2317073,,,,,,,,,,,59,386.6991525,269.8686441,,,,,,,,,,,,65,62.03,106.21,,,,,60,205.5,229.77,,,,,53,137.9575472,84.76886792,,,,22,142.25,79.47727273,,61,140.1106557,274.192623,,,,,35,205.3214286,304.75,38,215.5921053,296.7763158,,26,92.75,324.25,26,87.28846154,316.5961538,,33,182.51,396.84,24,198.75,396.9583333,,36,306.56,250.42,34,320.6617647,237.1029412
,40,89.95,166.8,,,,,45,205.66,341.55,,,,,56,275.4642857,241.3928571,,,,,47,89.45212766,115.1542553,,,,,91,212.6160714,199.8482143,,,,,,,,,,,59,386.5466102,269.3262712,,,,,,,,,,,,56,61.43,105.39,,,,,67,204.9,229.59,,,,,50,137.73,84.47,,,,27,141.6388889,78.63888889,,65,140.1038462,274.1807692,,,,,35,205.5785714,304.4642857,32,215.09375,295.75,,22,92.65909091,323.8409091,28,87.25,315.8928571,,29,182.3,397.16,23,198.6195652,396.9673913,,30,306.58,250.48,36,320.3611111,236.8888889
,39,89.96,166.54,,,,,45,205.99,341.11,,,,,52,275.2692308,241.5576923,,,,,48,88.75,115.5625,,,,,96,216.7083333,196.78125,,,,,,,,,,,65,386.35,269.3653846,,,,,,,,,,,,55,61.28,104.91,,,,,57,205.01,230.07,,,,,45,137.6388889,84.17222222,,,,26,141.4038462,77.40384615,,64,143.9787234,274.3475177,,,,,32,205.3125,304.625,32,214.46875,296.03125,,20,92.25,323.95,30,87.11666667,315.1166667,,28,182.75,396.43,20,198.5,396.5,,29,306.51,249.96,35,319.6357143,236.4357143
,38,89.7,166.67,,,,,44,206.68,340.41,,,,,48,275.125,241.25,,,,,44,88.54545455,115.3409091,,,,,86.5,212.125,199.9196429,,,,,,,,,,,61,386.2254098,269.602459,,,,,,,,,,,,54,61.73,104.81,,,,,59,205.44,229.85,,,,,46,137.4673913,83.68478261,,,,27,141.3425926,77.00925926,,65,143.7851852,273.4481481,,,,,33,205.780303,304.3257576,32,214.25,295.25,,26,92.01923077,323.0961538,31,87.10483871,314.0080645,,30,181.48,395.85,21,198.4642857,396.1309524,,29,306.68,250.16,31,319.8145161,235.8467742
,40,89.67,165.55,,,,,42,206.46,340.87,,,,,50,275.45,240.61,,,,,52,89.05769231,114.8653846,,,,,90.5,212.0576923,199.4615385,,,,,,,,,,,60,386.2666667,268.8333333,,,,,,,,,,,,63,61.7,103.85,,,,,60,205.7,229.73,,,,,49,138.2061856,82.05670103,,,,26,141.7641509,76.32075472,,62,143.732,274.452,,,,,32,205.65625,303.65625,30,213.95,295.4833333,,24,91.5,322.25,27,86.52777778,313.1944444,,27,181.31,395.97,20,198,396,,27,306.31,250.16,30,319.1166667,234.2833333
,41,89.87,165.41,,,,,45,206.33,339.73,,,,,53,275.4481132,240.4669811,,,,,50,89.07,113.97,,,,,95,212.0116279,199.0755814,,,,,,,,,,,59,386.4110169,268.2076271,,,,,,,,,,,,63,61.32,104.43,,,,,59,205.55,229.6,,,,,78,139.3013245,79.93874172,,,,78,139.3013245,79.93874172,,66,144.2133333,274.1066667,,,,,33,204.75,303.6893939,31,214.1693548,295.2983871,,25,91.79,321.87,28,86.07142857,312.8571429,,30,181.48,396.18,20,198.2,395.5,,19,310.59,245.96,32,319.1875,234.4375
,43,90.03,164.63,,,,,43,206.1,339.17,,,,,45,275.8535912,240.0441989,,,,,48,89.33333333,113.9583333,,,,,87.5,211.4684685,198.8648649,,,,,,,,,,,55,387.0409091,268.15,,,,,,,,,,,,61,61.52,104.39,,,,,54,205.29,229.88,,,,,50,138.01,81.31,,,,24,141.3894737,75.64210526,,63,143.8475177,273.1453901,,,,,33,204.5075758,303.6287879,32,214.0625,295.40625,,26,91.40384615,320.8653846,29,85.26724138,312.5086207,,31,181.4,395.62,26,199.75,391.3269231,,31,308.88,237.1,29,319.1637931,233.887931
,39,89.9,164.29,,,,,51,206.38,338.77,,,,,54,274.8364486,239,,,,,50,89.27,113.91,,,,,83.5,212.109375,197.9296875,,,,,,,,,,,55,387.75,267.3863636,,,,,,,,,,,,58,61.59,103.78,,,,,52,205.12,230.5,,,,,72,139.4861111,79.58333333,,,,72,139.4861111,79.58333333,,53,143.3037383,272.5747664,,,,,34,205.0735294,303.3382353,33,213.8712121,295.3257576,,28,91.25,320.9642857,30,85.25,311.8166667,,30,181.22,395.38,30,199.8166667,391.5833333,,29,308.78,236.54,31,318.9435484,233.5241935
,42,89.46,163.82,,,,,50,206.49,338.61,,,,,47,274.3978495,238.0483871,,,,,51,90.24019608,113.6911765,,,,,93,215.2446237,195.061828,,,,,,,,,,,60,387.9333333,266.4833333,,,,,,,,,,,,62,60.91,103.54,,,,,60,205.73,230.4,,,,,49,137.6071429,80.54591837,,,,24,141.7916667,75.04166667,,64,143.8972603,272.2705479,,,,,32,204.90625,302.9375,35,212.9785714,295.0642857,,23,90.35869565,319.9673913,26,83.63461538,310.7884615,,32,180.97,395.09,27,200.1574074,392.5648148,,34,308.66,236.4,28,319.25,232.8571429
,40,89.42,163.72,,,,,51,206.73,338.61,,,,,52,274.4758454,237.1690821,,,,,51,89.57352941,113.6323529,,,,,95,210.4354839,197.7741935,,,,,,,,,,,60,387.9166667,266.3666667,,,,,,,,,,,,58,60.37,102.84,,,,,63,205.52,230.83,,,,,51,137.8325123,79.80049261,,,,26,141.3679245,74.26415094,,64,143.6689189,272.1824324,,,,,30,205.053719,302.4421488,31,212.8145161,294.75,,27,90.4537037,319.6759259,26,84.36538462,310.3653846,,31,180.94,394.46,26,200.25,392.8653846,,35,308.38,235.89,31,319.75,232.0725806
,39,89.34,163.75,,,,,48,206.9,338.46,,,,,56,274.6755556,236.3177778,,,,,52,88.98076923,113.3653846,,,,,97,215.2242268,194.4304124,,,,,,,,,,,53,388.3160377,265.4669811,,,,,,,,,,,,61,60.72,102.98,,,,,54,205.58,230.51,,,,,46,137.5543478,79.4673913,,,,28,141.2181818,73.40909091,,61,143.6060606,271.7954545,,,,,33,211.5225564,301.3082707,32,213.1062992,294.3188976,,27,89.86111111,319.4166667,23,83.75,310.75,,29,181.16,394.2,23,200.0108696,392.7934783,,37,308.97,235.8,36,320.4444444,232.3333333
,38,89.17,163.25,,,,,48,207.52,338.67,,,,,54,274.8162791,235.9627907,,,,,50,88.83,112.91,,,,,103,215.2742718,194.157767,,,,,,,,,,,50,388.11,264.27,,,,,,,,,,,,63,60.77,103.26,,,,,57,205.15,230.73,,,,,51,137.5269608,79.00245098,,,,25,141.555,73.105,,63,139.9880952,271.4166667,,,,,32,211.8464567,300.8267717,32,213.4645669,294.5,,26,89.25,318.4423077,30,83.58333333,311.0166667,,30,180.95,394.95,25,200.87,392.31,,30,308.88,235.12,33,320.1136364,232.3560606
,40,89.1,162.22,,,,,47,207.56,338.11,,,,,54,274.5806452,235.4124424,,,,,55,88.65909091,112.6409091,,,,,99.5,209.531746,198.2063492,,,,,,,,,,,48,388,264.1875,,,,,,,,,,,,69,60.98,103.85,,,,,82,206.24,232.2,,,,,51,137.2438424,78.73399015,,,,25,141.6565657,73.20707071,,65,140.3346154,271.4423077,,,,,65,213.2115385,296.6269231,,,,,24,89.33333333,318.4166667,29,84.30172414,310.4396552,,32,181.31,395.16,24,200.0833333,392.625,,33,308.9,235.02,35,320.6071429,232.3214286
,39,89.13,161.49,,,,,48,207.69,337.13,,,,,58,273.9329004,235.6060606,,,,,49,88.77040816,111.3622449,,,,,100,214.72,193.64,,,,,,,,,,,50,388.25,263.25,,,,,,,,,,,,56,61.71,104.21,,,,,78,205.77,231.9,,,,,46,136.3540541,77.84864865,,,,30,141.338843,72.40909091,,61,143.7755906,270.8425197,,,,,62,213.25,295.75,,,,,29,89.43965517,317.6465517,29,84.1637931,309.3362069,,27,179.94,394.71,21,199.1309524,391.9880952,,28,309.25,234.61,34,319.5735294,231.8970588
,39,89.13,161.31,,,,,47,207.66,336.9,,,,,51,273.0833333,234.6127451,,,,,46,88.77173913,111.0978261,,,,,102,214.6813725,193.2794118,,,,,,,,,,,54,388.2314815,263.1018519,,,,,,,,,,,,61,62.09,103.85,,,,,79,205.5,231.93,,,,,44,136.4491525,76.74011299,,,,28,141.5929204,71.98672566,,64,140.234375,270.828125,,,,,65,213.3961538,295.2269231,,,,,28,89.14285714,317.6071429,29,83.47413793,309.4051724,,29,179.58,394.72,22,198.6590909,391.7045455,,30,309.62,234.65,33,319.2954545,231.6590909
,44,88.43,161.07,,,,,44,207.5,336.95,,,,,50,273.43,234.03,,,,,47,88.43085106,110.6223404,,,,,102,214.2303922,192.8970588,,,,,,,,,,,59,388.3432203,262.8008475,,,,,,,,,,,,57,62.33,103.68,,,,,91,205.98,232.94,,,,,46,136.2717391,76.33695652,,,,29,141.4396552,71.23275862,,58,143.75,270.25,,,,,58,213.8534483,294.612069,,,,,29,88.92241379,317.1293103,27,83.15740741,309.8240741,,27,179.38,394.75,24,199.0416667,391.7916667,,28,309.36,234.07,35,319.4071429,231.35
,43,88.24,161.35,,,,,51,207.26,336.97,,,,,52,273.4043062,234.0143541,,,,,44,88.13636364,109.6363636,,,,,106.5,213.870892,192.9859155,,,,,,,,,,,57,388.5219298,262.504386,,,,,,,,,,,,62,62.25,103.44,,,,,76,205.34,232.04,,,,,43,135.6802326,75.12209302,,,,29,141.3706897,69.85344828,,56,140.1428571,270.1428571,,,,,63,213.4484127,294.3690476,,,,,26,89.09615385,316.5961538,30,83.38333333,309.3833333,,34,179.9,393.96,20,198.6,391.9,,28,309.07,234.18,34,319.25,230.3382353
,39,87.88,160.42,,,,,45,206.51,336.24,,,,,44,273.2954545,233.6136364,,,,,40,87.4,108.65,,,,,97,213.9252577,192.0798969,,,,,,,,,,,53,388.4481132,262.259434,,,,,,,,,,,,75,62.31,104.22,,,,,64,203.5,230.88,,,,,47,134.8351064,75.43085106,,,,26,141.0576923,70.21153846,,55,143.1166667,269.3833333,,,,,60,212.0166667,292.7333333,,,,,26,89.09615385,315.9038462,26,82.86538462,309.4038462,,35,179.81,393.09,21,197.8928571,391.75,,29,310.09,233.78,36,319.0833333,229.6944444
,39,87.88,160.42,,,,,45,206.51,336.24,,,,,44,273.2954545,233.6136364,,,,,40,87.4,108.65,,,,,97,213.9252577,192.0798969,,,,,,,,,,,53,388.4481132,262.259434,,,,,,,,,,,,75,62.31,104.22,,,,,64,203.5,230.88,,,,,47,134.8351064,75.43085106,,,,26,141.0576923,70.21153846,,55,143.1166667,269.3833333,,,,,60,212.0166667,292.7333333,,,,,26,89.09615385,315.9038462,26,82.86538462,309.4038462,,35,179.81,393.09,21,197.8928571,391.75,,29,310.09,233.78,36,319.0833333,229.6944444
,40,87.63,161.53,,,,,48,206.48,335.92,,,,,48,272.875,231.4791667,,,,,45,87.46111111,107.6611111,,,,,100,213.2,191.82,,,,,,,,,,,54,388.25,262.0462963,,,,,,,,,,,,59,61.28,102.7,,,,,91,206.71,232.6,,,,,43,134.5406977,75.37790698,,,,30,141.3166667,70.65,,67,139.3171642,270.0186567,,,,,60,211.55,291.8,,,,,23,88.5326087,315.4021739,28,83.14285714,308.8214286,,30,180.38,391.38,23,198.0108696,391.3152174,,23,311.32,234.14,33,318.9621212,229.2348485
,38,87.38,161.67,,,,,46,206.51,335.88,,,,,45,272.6850829,231.1712707,,,,,48,87.54166667,107.1666667,,,,,103,208.7207792,192.3084416,,,,,,,,,,,52,388.25,262.0576923,,,,,,,,,,,,63,61.05,102.27,,,,,83,206.68,231.75,,,,,49,134.2806122,74.58673469,,,,27,140.9722222,70.56481481,,63,139.2738095,269.6388889,,,,,61,211.602459,291.5860656,,,,,25,88.55,315.19,27,83.00925926,308.2685185,,31,180.65,392.27,27,197.6018519,391.4537037,,24,312.25,233.75,30,318.5833333,229.15
,43,86.89,161.12,,,,,42,206.25,335.68,,,,,53,273.3333333,230.4483568,,,,,49,87.48469388,106.627551,,,,,101,213.1460396,190.720297,,,,,,,,,,,56,388.4285714,261.3571429,,,,,,,,,,,,57,60.66,102.19,,,,,88,206.56,231.63,,,,,47,134.5797872,73.96276596,,,,33,141.8106061,70.84090909,,60,139.95,269.85,,,,,61,211.8647541,291.5532787,,,,,23,87.88043478,315.1413043,28,83.07142857,308.1785714,,26,180.87,391.94,26,197.25,390.0576923,,22,312.2,233.34,29,318.0948276,228.7844828
,40,86.88,160.68,,,,,45,205.97,335.55,,,,,44,272.7215909,229.8295455,,,,,48,87.35416667,106.4583333,,,,,97,208.8370166,191.7016575,,,,,,,,,,,50,388.43,261.65,,,,,,,,,,,,55,60.77,101.73,,,,,64,205.21,229.88,,,,,48,134.7291667,74.125,,,,29,141.6465517,70.57758621,,57,139.5745614,269.9605263,,,,,60,212.2166667,291.0333333,,,,,25,87.55,315.19,30,83.11666667,308.1166667,,31,180.75,391.75,26,196.9038462,389.8653846,,26,312.02,233.1,29,318.2672414,228.5086207
,39,85.98,159.54,,,,,46,204.99,335.49,,,,,41,272.4085366,228.75,,,,,48,86.39583333,104.9375,,,,,106.5,208.3835979,190.8941799,,,,,,,,,,,49,388.7295918,261.3010204,,,,,,,,,,,,59,59.53,100.41,,,,,67,204.36,228.6,,,,,50,134.65,74.17,,,,28,140.6071429,69.25,,60,139.2333333,269.6666667,,,,,57,211.3114035,290.5570175,,,,,24,87.66666667,314.4166667,24,83.83333333,308.6666667,,32,180.47,392.09,26,197.25,390.3653846,,26,311.83,231.33,32,318.8125,227.53125
,40,85.78,159.43,,,,,40,205.5,335.13,,,,,43,272.8179191,228.6127168,,,,,53,86.31603774,104.1084906,,,,,105,212.8452381,189.0738095,,,,,,,,,,,44,389.3409091,260.5454545,,,,,,,,,,,,70,59.78,101.46,,,,,60,204.55,228.4,,,,,49,134.2602041,73.5255102,,,,29,140.887931,69.1637931,,63,138.2261905,270.0515873,,,,,61,211.3401639,291.0286885,,,,,24,87.33333333,314.5833333,27,84.15740741,308.4907407,,32,180.38,391.75,24,197.0833333,390.625,,25,311.55,231.99,32,318.3125,227.1875
,38,85.43,159.25,,,,,46,205.53,334.62,,,,,43,272.5174419,226.9127907,,,,,51,86.31862745,103.75,,,,,91.5,208.3171429,190.4857143,,,,,,,,,,,48,389.3958333,260.1875,,,,,,,,,,,,57,59.01,99.59,,,,,61,205.09,227.82,,,,,56,133.9107143,73.26785714,,,,28,140.0714286,68.5,,55,140.7132353,268.7279412,,,,,60,210.8833333,290.7666667,,,,,24,87.08333333,314.625,27,83.4537037,308.6018519,,31,179.52,392.17,26,196.4423077,390.8269231,,26,311.75,231.25,34,317.8382353,226.6617647
,36,85.72,159.28,,,,,43,205.59,334.42,,,,,46,272.8351648,226.6620879,,,,,54,86.32407407,103.4351852,,,,,94,211.9095745,188.3670213,,,,,,,,,,,49,389.505102,259.7908163,,,,,,,,,,,,54,58.29,98.9,,,,,82,205.86,228.87,,,,,59,133.7669492,72.90254237,,,,27,139.8981481,68.30555556,,55,138.35,268.6409091,,,,,61,210.7172131,289.8647541,,,,,26.25,86.73333333,314.2285714,28.25,83.01327434,308.7743363,,30,179.52,392.08,24,196.0833333,390.625,,24,311.67,231.25,34,317.25,225.9264706
,39,84.98,158.83,,,,,40,205.45,333.75,,,,,46,272.1803279,226.1311475,,,,,47,86.62234043,103.0691489,,,,,94,211.9308511,188.1755319,,,,,,,,,,,49,389.6479592,258.627551,,,,,,,,,,,,55,58.31,98.66,,,,,91,205.86,229.23,,,,,50,133.39,72.49,,,,23,139.6195652,67.5326087,,59,138.2415254,268.3771186,,,,,61,210.4221311,289.4713115,,,,,27,87.00925926,314.1574074,25,82.67,308.55,,28,179.07,391.75,26,195.7115385,390.4423077,,24,311.75,230.25,35,317.2071429,225.55
,43,84.08,157.91,,,,,40,204.82,333.73,,,,,44,272.4119318,225.5142045,,,,,48,86.58333333,102.6875,,,,,96,211.5833333,187.8125,,,,,,,,,,,46,389.076087,258.1195652,,,,,,,,,,,,51,57.53,98.16,,,,,58,203.41,227.82,,,,,42,132.9880952,72.13095238,,,,22,138.6590909,66.65909091,,53,138.1462264,268.5613208,,,,,61,210.307377,289.1762295,,,,,26,85.86538462,313.75,27,81.97222222,307.787037,,33,179.36,391.23,28,196.1071429,389.0714286,,27,311.34,229.82,29,315.9913793,224.2672414
,46,84.38,157.86,,,,,44,204.41,333.61,,,,,45,272.7134831,225.7949438,,,,,50,86.35,102.47,,,,,95,211.5921053,187.5184211,,,,,,,,,,,48,389.2291667,257.7083333,,,,,,,,,,,,58,57.59,97.54,,,,,57,203.03,228.19,,,,,46,132.5108696,71.40217391,,,,22,138.6590909,66.65909091,,56,138.5178571,268.7857143,,,,,60,209.8833333,288.7333333,,,,,24,85.83333333,313.8333333,27,81.19444444,307.3425926,,33,179.51,391.11,29,195.3362069,389.0258621,,23,312.05,229.97,29,316.1293103,224.1637931
,43,83.7,157.68,,,,,43,204.03,333.28,,,,,45,272.7430939,225.8480663,,,,,56,86.10714286,102.5178571,,,,,97,211.6881443,187.0592784,,,,,,,,,,,53,389.8254717,256.8254717,,,,,,,,,,,,53,56.69,97.47,,,,,62,202.02,228.69,,,,,50,132.3457711,71.42288557,,,,28,137.840708,66.27876106,,51,138.6911765,268.7107843,,,,,64,210.15625,288.265625,,,,,23,85.35869565,313.9673913,25,82.03,307.19,,30,179.12,391.12,29,195.1982759,389.1637931,,26,312.25,230.06,30,315.5833333,223.45
,44,84.07,157.57,,,,,43,203.89,332.75,,,,,79,275.7120253,225.6993671,,,,,49,86.38265306,101.8316327,,,,,100,211.48,187.01,,,,,,,,,,,48,389.7708333,256.3541667,,,,,,,,,,,,51,55.63,96.89,,,,,59,201.9,228.48,,,,,45.25,134.2916667,68.20833333,,,,22,137.0574713,66.54597701,,56,138.3214286,268.8035714,,,,,65,209.9961538,287.95,,,,,23,85.31521739,313.576087,26,82.36538462,306.6730769,,30,179.08,390.95,28,195.0714286,388.75,,29,312,229.38,32,315.1153846,223.1846154
,46,82.71,157.27,,,,,46,203.23,331.92,,,,,80,274.8125,224.275,,,,,48,85.52083333,101.2083333,,,,,90,210.7722222,186.1722222,,,,,,,,,,,50,389.15,255.19,,,,,,,,,,,,56,54.46,96.13,,,,,57,201.14,227.52,,,,,74,131.8581081,67.29054054,,,,,,,,52,138.1346154,268.6346154,,,,,65,210.0423077,288.1192308,,,,,23,84.66304348,312.9673913,31,81.78225806,305.266129,,30,179.12,391.12,25,187.19,389.95,,26,311.9,229.29,31,315.1370968,221.8145161
,43,82.87,157.01,,,,,45,203.42,331.79,,,,,82,274.8231707,223.847561,,,,,46,85.42391304,101.0978261,,,,,94,210.0585106,186.0797872,,,,,,,,,,,52,388.3461538,255.4230769,,,,,,,,,,,,57,54.19,95.47,,,,,62,200.93,227.27,,,,,77,131.6071429,67.39935065,,,,,,,,54,137.7314815,268.7314815,,,,,65,209.55,287.8115385,,,,,23,84.5326087,312.8369565,29,81.3362069,305.0258621,,28,179.14,390.93,24,187.125,389.2916667,,26,311.95,229.03,29,314.7350427,222.3290598
,41,82.26,156.09,,,,,47,203.18,331.98,,,,,45,271.2403315,222.2845304,,,,,49,85.05612245,100.3418367,,,,,93,210.1478495,185.7392473,,,,,,,,,,,48,388.8125,254.9375,,,,,,,,,,,,55,53.84,94.86,,,,,59,201,227.55,,,,,75,129.915,67.945,,,,,,,,52,137.8269231,268.4230769,,,,,65,209.2730769,287.7346154,,,,,24,84.16666667,312.0833333,31,81.2016129,304.1693548,,26,179.44,389.87,24,187.25,389.4583333,,29,311.72,228.86,33,314.3157895,222.018797
,41,81.75,156.14,,,,,43,203.35,331.82,,,,,45,271.2983425,222.0165746,,,,,51,84.51470588,100.2205882,,,,,94,209.9734043,185.7074468,,,,,,,,,,,52,388.8653846,254.2115385,,,,,,,,,,,,54,53.82,93.81,,,,,60,201.03,227.28,,,,,79,131.5348101,66.68670886,,,,,,,,49,137.5663265,268.6071429,,,,,62,209.4112903,287.1854839,,,,,24,84.20833333,311.625,27,80.82407407,304.0833333,,31,179.04,389.36,23,186.923913,389.1847826,,27,310.97,228.75,29,314.0948276,221.9913793
,41,81.51,155.82,,,,,44,202.45,331.39,,,,,47,271.516129,222.0215054,,,,,47,84.62234043,99.7287234,,,,,96,209.8958333,185.21875,,,,,,,,,,,49,389.3010204,254.1785714,,,,,,,,,,,,54,53.45,92.69,,,,,75,201.52,228.48,,,,,76,131.1973684,66.25,,,,,,,,47,137.7287234,268.2606383,,,,,62,209.766129,287.3951613,,,,,26,84.63461538,311.5192308,30,81.05,304.0166667,,29,178.34,389.27,27,185.8611111,389.0462963,,29,310.44,228.3,31,313.5887097,221.1048387
,44,80.52,155.93,,,,,45,202.02,331.15,,,,,48,270.7251309,221.1544503,,,,,58,84.31896552,98.87068966,,,,,102,209.3186275,184.7401961,,,,,,,,,,,52,389.8269231,253.1346154,,,,,,,,,,,,54,52.6,92.25,,,,,58,201.11,226.35,,,,,75,131.4033333,65.20333333,,,,,,,,51,137.8480392,267.9460784,,,,,62,209.8145161,287.4435484,,,,,27,84.97222222,311.0462963,25,80.55,303.83,,29,177.65,388.23,27,185.1574074,388.6759259,,29,309.61,227.34,34,312.0441176,220.25
,44,80.52,155.93,,,,,45,202.02,331.15,,,,,48,270.7251309,221.1544503,,,,,58,84.31896552,98.87068966,,,,,102,209.3186275,184.7401961,,,,,,,,,,,52,389.8269231,253.1346154,,,,,,,,,,,,54,52.6,92.25,,,,,58,201.11,226.35,,,,,75,131.4033333,65.20333333,,,,,,,,51,137.8480392,267.9460784,,,,,62,209.8145161,287.4435484,,,,,27,84.97222222,311.0462963,25,80.55,303.83,,29,177.65,388.23,27,185.1574074,388.6759259,,29,309.61,227.34,34,312.0441176,220.25
,43,79.63,155.87,,,,,49,201.3,330.71,,,,,46,271.068306,220.5874317,,,,,53,83.80660377,98.8254717,,,,,87,208.3936782,184.3017241,,,,,,,,,,,56,389.4821429,252.1428571,,,,,,,,,,,,53,52.92,91.66,,,,,61,201.01,225.88,,,,,73,130.9006849,64.03767123,,,,,,,,47,137.0478723,268.0053191,,,,,59,209.1059322,285.8177966,,,,,28,85.39285714,310.1071429,27,80.75,303.0462963,,29,176.99,387.51,22,183.8863636,387.75,,28,310.21,227.5,32,312.09375,220.1875
,43,79.47,155.68,,,,,47,200.98,330.54,,,,,51,270.4752475,220.1980198,,,,,52,82.61538462,99.07692308,,,,,91,208.5192308,183.9258242,,,,,,,,,,,52,388.8076923,251.5192308,,,,,,,,,,,,52,52.62,91.38,,,,,62,200.81,225.62,,,,,72,130.75,63.54166667,,,,,,,,44,140.4269663,266.8820225,,,,,72,208.4444444,285.9583333,,,,,26,84.59615385,309.8653846,29,79.95689655,302.7155172,,27,176.5,387.49,29,183.2715517,388.2974138,,29,309.54,228.2,30,312.2166667,220.1833333
,41,79.75,155.6,,,,,46,200.75,330.34,,,,,82,272.75,221.3353659,,,,,51,82.71078431,98.53431373,,,,,88,208.2613636,183.7840909,,,,,,,,,,,52,389.3653846,250.5961538,,,,,,,,,,,,54,52.1,91.47,,,,,56,200.39,225.21,,,,,77,130.75,63.00974026,,,,,,,,45,139.5277778,267.5944444,,,,,66,208.2348485,285.9772727,,,,,27,83.56481481,309.3425926,30,79.45,301.5166667,,29,175.99,386.96,25,183.55,388.51,,26,309.98,227.71,32,311.78125,220
,41,79.58,155.14,,,,,49,200.34,330.26,,,,,55,270.3303167,219.9366516,,,,,55,82.73181818,98.24090909,,,,,90,207.6944444,183.6277778,,,,,,,,,,,52,388.5,250.4230769,,,,,,,,,,,,52,51.63,90.92,,,,,64,200.58,225.38,,,,,72,130,62.01388889,,,,,,,,43,139.6337209,267.1686047,,,,,65,207.95,285.3961538,,,,,28,83.25,308.9642857,27,80.00925926,301.4907407,,29,176.06,387.07,24,183.0833333,387.875,,26,310.02,227.4,33,311.8106061,220.0833333
,37,79.43,154.97,,,,,45,199.77,329.33,,,,,82,272.5426829,219.554878,,,,,50,82.35,97.27,,,,,92,207.5543478,183.1304348,,,,,,,,,,,50,387.71,250.13,,,,,,,,,,,,54,51.06,90.55,,,,,57,200.14,224.93,,,,,74,129.9391892,61.65540541,,,,,,,,44,139.0909091,266.4545455,,,,,66,206.3560606,285.0984848,,,,,22,82.84090909,308.6590909,25,79.79,301.51,,30,175.2,386.26,23,182.3586957,386.7934783,,25,309.31,227.83,33,311.719697,219.9318182
,39,79.11,154.7,,,,,42,199.61,329.56,,,,,79,272.4462025,219.2310127,,,,,50,82.01,96.77,,,,,93,207.3413978,182.8790323,,,,,,,,,,,49,387.2806122,249.6683673,,,,,,,,,,,,52,50.37,89.87,,,,,54,199.69,225.01,,,,,72,129.5416667,62.08333333,,,,,,,,39,138.8269231,265.8782051,,,,,65,206.1192308,284.95,,,,,25,82.31,308.15,31,79.97580645,301.1370968,,29,175.4,386.39,24,182.4166667,386.625,,28,309.18,227.43,30,312.05,219.4833333
,40,79.05,154.18,,,,,45,199.31,328.82,,,,,46,269.3791209,217.3351648,,,,,46,81.9673913,96.42391304,,,,,91,207.6071429,182.5631868,,,,,,,,,,,45,387.1277778,249.9055556,,,,,,,,,,,,53,50.26,89.26,,,,,56,199.2,225.02,,,,,72,129.3611111,61.69444444,,,,,,,,43,138.4476744,265.75,,,,,60,205.8666667,284.4666667,,,,,21.25,81.88235294,307.9176471,28.25,79.89823009,301.8539823,,33,175.45,386.17,23,182.5714286,386.6538462,,26,309.25,226.75,32,311.875,219.25
,39,79.47,153.52,,,,,46,198.75,328.49,,,,,45,269.4033149,216.3149171,,,,,48,82.0625,95.77083333,,,,,96,207.4479167,182.1666667,,,,,,,,,,,49,386.4438776,249.5663265,,,,,,,,,,,,57,50.5,88.57,,,,,58,199.09,225.08,,,,,78,128.6474359,61.40384615,,,,,,,,48,138.0208333,266.0833333,,,,,60,205.3166667,283.8666667,,,,,50,80.97,304.75,,,,,29,175.09,385.47,25,182.43,385.75,,25,308.99,226.79,31,311.4919355,219.1048387
,40,79.42,153.43,,,,,43,198.7,328.42,,,,,53,269.6037736,216.6981132,,,,,48,81.66666667,95.64583333,,,,,92,207.3152174,182.1956522,,,,,,,,,,,49,386.7091837,249.6071429,,,,,,,,,,,,51,50.28,88.18,,,,,57,199.24,225.21,,,,,79,128.6993671,60.87658228,,,,,,,,42,137.5357143,266.1309524,,,,,56,205.3214286,283.9107143,,,,,47,80.45212766,304.9414894,,,,,31,174.85,385.04,23,182.7065217,384.4891304,,30,309.15,226.12,33,312.4772727,219.1136364
,37,79.02,152.7,,,,,49,198.22,329.18,,,,,82,271.5060976,217.6646341,,,,,45,80.83888889,95.95,,,,,93,207.3629032,181.3844086,,,,,,,,,,,44,386.6136364,248.75,,,,,,,,,,,,50,49.89,87.35,,,,,61,198.47,224.8,,,,,74,128.3581081,60.84459459,,,,,,,,47,137.643617,264.6010638,,,,,56,205.5178571,283.4285714,,,,,43,80.28488372,304.3546512,,,,,33,173.9,384.48,26,181.9038462,383.2884615,,28,308.36,225,30,311.65,218.2833333
,37,79.02,152.7,,,,,45,198.04,329.06,,,,,82,271.5060976,217.6646341,,,,,45,80.83888889,95.95,,,,,93,207.3629032,181.3844086,,,,,,,,,,,44,386.6136364,248.75,,,,,,,,,,,,50,49.89,87.35,,,,,61,198.47,224.8,,,,,74,128.3581081,60.84459459,,,,,,,,47,137.643617,264.6010638,,,,,56,205.5178571,283.4285714,,,,,43,80.28488372,304.3546512,,,,,28,173.75,384.25,26,181.75,383.25,,28,308.36,225,30,311.65,218.2833333
,46,78.12,151.71,,,,,45,197.62,328.26,,,,,54,268.7790698,215.9046512,,,,,48,80.375,95.83333333,,,,,97,206.3891753,180.564433,,,,,,,,,,,52,386.1153846,247.7884615,,,,,,,,,,,,54,49.18,86.88,,,,,63,198.53,224.13,,,,,73,128.0787671,60.07876712,,,,,,,,45,137.8388889,264.2388889,,,,,58,205.7155172,283.0431034,,,,,49,80.32142857,304.3010204,,,,,30,173.28,384.15,29,181.1637931,383.0258621,,30,307.98,223.45,30,311.4166667,216.55
,45,77.75,151.75,,,,,44,197.36,327.95,,,,,51,268.1213592,215.1796117,,,,,46,80.48913043,95.05434783,,,,,98,205.8010204,179.9540816,,,,,,,,,,,50,386.05,247.19,,,,,,,,,,,,49,49.16,86.46,,,,,60,198.47,224.35,,,,,75,128.2833333,59.80333333,,,,,,,,45,137.35,263.9944444,,,,,62,205.9758065,282.4112903,,,,,53,80.25943396,304.8254717,,,,,28,173.14,383.89,28,180.9642857,383.25,,32,307.47,222.98,33,311.2537313,216.4701493
,42,76.49,151.06,,,,,49,196.16,327.97,,,,,49,269.2371134,214.6494845,,,,,49,80.32142857,94.28061224,,,,,94,205.1010638,179.0904255,,,,,,,,,,,48,385.4791667,246.9791667,,,,,,,,,,,,51,49.34,85.65,,,,,65,198.2,224.03,,,,,69,127.3007246,59.41666667,,,,,,,,46,136.1413043,263.076087,,,,,62,204.9758065,281.0080645,,,,,48,79.25,303.8958333,,,,,27,172.82,383.34,23,180.6630435,382.9673913,,31,307.3,223.04,34,310.4852941,215.9264706
,42,76.49,151.06,,,,,49,196.16,327.97,,,,,49,269.2371134,214.6494845,,,,,49,80.32142857,94.28061224,,,,,94,205.1010638,179.0904255,,,,,,,,,,,48,385.4791667,246.9791667,,,,,,,,,,,,51,49.34,85.65,,,,,65,198.2,224.03,,,,,69,127.3007246,59.41666667,,,,,,,,46,136.1413043,263.076087,,,,,62,204.9758065,281.0080645,,,,,48,79.25,303.8958333,,,,,27,172.82,383.34,23,180.6630435,382.9673913,,31,307.3,223.04,34,310.4852941,215.9264706
,41,76.34,151.21,,,,,49,196.1,327.51,,,,,45,268.5168539,213.1797753,,,,,49,79.85204082,93.44387755,,,,,94,204.6861702,178.1755319,,,,,,,,,,,45,385.3277778,245.35,,,,,,,,,,,,51,48.42,84.85,,,,,61,197.72,223.73,,,,,70,125.9214286,58.63571429,,,,,,,,40,136.675,262.95,,,,,59,203.75,280.6313559,,,,,43.5,80.64646465,305.8686869,,,,,34,172.86,383.82,26,180.3653846,383.5961538,,31,306.91,222.3,36,310.7777778,215.4722222
,43,76.22,151.49,,,,,49,196.44,326.89,,,,,49,268.0969388,212.4030612,,,,,48,80,92.91666667,,,,,94,204.7180851,178.0478723,,,,,,,,,,,48,385.7083333,245.3958333,,,,,,,,,,,,54,48.25,84.18,,,,,67,197.38,223.41,,,,,63,126.1150794,58.0515873,,,,,,,,40,136.175,263.1,,,,,60,204.4,280.6,,,,,48,79.9375,303.6875,,,,,30,172.55,383.48,29,180.1982759,383.4396552,,29,306.72,222.34,34,310.6323529,215.1029412
,39,75.88,151.42,,,,,43,196.8,326.68,,,,,47,267.6223404,212.4734043,,,,,52,78.15384615,100.1346154,,,,,94,204.9095745,177.856383,,,,,,,,,,,54,384.8981481,245.3611111,,,,,,,,,,,,54,48.14,84.14,,,,,61,196.85,222.96,,,,,70,126.0214286,57.43571429,,,,,,,,43,136.0988372,263.1686047,,,,,58,205.3189655,279.887931,,,,,49,79.19897959,303.2602041,,,,,30,172.38,383.38,28,180.25,382.9642857,,28,306.57,222.29,29,309.9913793,214.9913793
,41,75.6,151.48,,,,,48,196.77,326.02,,,,,43,267.6104651,210.75,,,,,51,78.22058824,100.1813725,,,,,91,205.0467033,177.4862637,,,,,,,,,,,49,384.5255102,245.2602041,,,,,,,,,,,,52,47.94,84.1,,,,,66,196.73,222.58,,,,,72,125.5416667,56.54166667,,,,,,,,40,136.25,262.55,,,,,60,205.1833333,279.2666667,,,,,47,79.28191489,303.1755319,,,,,28,172.75,383.29,24,180.625,382.4166667,,25,306.11,221.99,32,310,215.21875
,42,75.68,150.94,,,,,47,197.03,325.47,,,,,44,267.6363636,209.4090909,,,,,43,77.63372093,99.63372093,,,,,96,204.96875,176.7604167,,,,,,,,,,,53,383.8443396,244.5801887,,,,,,,,,,,,51,47.46,84.2,,,,,68,195.99,222.78,,,,,68,125.2205882,56.32352941,,,,,,,,43,135.8197674,262.2151163,,,,,63,204.2261905,278.8134921,,,,,51,78.41666667,302.9852941,,,,,53,174.259434,382.240566,,,,,31,305.75,220.75,29,309.8189655,214.0603448
,43,75.63,150.87,,,,,46,196.77,325.77,,,,,42,267.797619,208.7261905,,,,,54,77.06481481,99.41666667,,,,,94,205.1755319,176.356383,,,,,,,,,,,53,383.8066038,244.3726415,,,,,,,,,,,,50,46.99,82.91,,,,,69,196.24,222.55,,,,,75,125.0166667,56.27,,,,,,,,40,135.55,262.5,,,,,61,203.7008197,279.192623,,,,,49,77.9744898,302.7295918,,,,,57,174.1184211,381.9078947,,,,,27,305.34,219.82,29,309.8534483,213.2672414
,40,75.8,149.93,,,,,46,196.36,325.68,,,,,46,267.8586957,208.1195652,,,,,48,76.20833333,99,,,,,94,205.1010638,176.037234,,,,,,,,,,,53,383.9764151,244.0141509,,,,,,,,,,,,53,47.43,82.67,,,,,63,196,222.12,,,,,78,124.275641,55.77564103,,,,,,,,39,135.9294872,261.9294872,,,,,63,203.6071429,278.6865079,,,,,46.5,79.46039604,304.460396,,,,,59,173.970339,381.9194915,,,,,27,305.49,220.34,34,309.6911765,213.3676471
,39,75.52,149.98,,,,,44,196.41,325.23,,,,,46,267.8369565,207.75,,,,,50,76.07,98.63,,,,,91,205.2335165,175.8159341,,,,,,,,,,,49,384.1785714,243.8112245,,,,,,,,,,,,53,47.94,82.07,,,,,68,196.03,222.31,,,,,73,124.0650685,54.92808219,,,,,,,,37,135.75,261.6959459,,,,,65,203.8730769,278.3653846,,,,,49,77.72959184,301.8112245,,,,,54,173.9166667,382.2314815,,,,,27,305.79,220.34,30,308.75,213.25
,39,75.16,149.78,,,,,47,196.24,324.79,,,,,42,267.702381,207.5833333,,,,,46,75.20652174,98.64130435,,,,,93,205.3413978,175.5994624,,,,,,,,,,,48,384.0416667,243.5,,,,,,,,,,,,53,47.45,81.28,,,,,69,195.87,221.98,,,,,74,123.6554054,54.4527027,,,,,,,,39,135.2628205,260.9038462,,,,,67,203.6753731,277.7350746,,,,,51,77.86764706,302.0637255,,,,,58,173.5258621,381.4913793,,,,,28,305.25,220.25,32,308.59375,213.125
,37,74.64,149.72,,,,,43,196.22,324.68,,,,,48,267.6875,206.875,,,,,47,74.87765957,97.57978723,,,,,90,205.2833333,174.9722222,,,,,,,,,,,54,383.7685185,242.3796296,,,,,,,,,,,,50,47.23,80.83,,,,,68,196.06,221.75,,,,,59,122.6313559,53.98728814,,,,,,,,45,134.4166667,260.55,,,,,64,203.21875,277.046875,,,,,49,76.5255102,301.0357143,,,,,61,172.897541,381.5040984,,,,,30,304.65,219.42,32,308.59375,212.375
,38,74.54,149.12,,,,,44,195.61,324.45,,,,,53,268.2216981,206.4858491,,,,,42,74.25,97.70238095,,,,,94,204.8138298,174.4414894,,,,,,,,,,,51,383.6519608,242.1617647,,,,,,,,,,,,55,46.66,80.31,,,,,69,195.72,221.42,,,,,61,122.7663934,53.84836066,,,,,,,,43,133.377907,260.2616279,,,,,62,203.266129,276.6854839,,,,,46,76.75,301.0326087,,,,,55,173.0590909,381.15,,,,,27,304.38,218.75,29,308.3706897,211.7844828
,40,73.65,149.4,,,,,44,195.09,324.48,,,,,51,268.1029412,206.2205882,,,,,48,73.72916667,97.39583333,,,,,97,204.8324742,174.193299,,,,,,,,,,,55,382.8772727,242.0590909,,,,,,,,,,,,51,47.16,80.36,,,,,63,195.19,221.56,,,,,59,122.2923729,53.19067797,,,,,,,,48,132.6458333,259.625,,,,,61,203.2581967,276.5204918,,,,,49,77.1377551,300.9540816,,,,,60,172.8666667,381.2,,,,,30,304.48,219.15,30,307.65,211.7833333
,36,73.25,149.25,,,,,48,194.46,324.17,,,,,50,268.07,206.29,,,,,49,73.34183673,96.81122449,,,,,92,204.5434783,173.7717391,,,,,,,,,,,49,382.4642857,242.2397959,,,,,,,,,,,,54,46.73,80.12,,,,,67,195.23,221.26,,,,,63,122.3373016,52.51190476,,,,,,,,43,132.3313953,259.377907,,,,,59,202.529661,275.9872881,,,,,46,76.55434783,300.4673913,,,,,58,172.7672414,380.8706897,,,,,29,304.47,219.16,32,307.46875,211.78125
,40,72.7,148.57,,,,,42,194.44,323.7,,,,,50,268.25,205.71,,,,,50,73.67,95.87,,,,,94,204.143617,173.5053191,,,,,,,,,,,51,382.8088235,241.1813725,,,,,,,,,,,,53,46.92,79.9,,,,,65,195.27,220.84,,,,,63,121.9404762,52.06746032,,,,,,,,39,131.0833333,258.775641,,,,,64,202.03125,275.453125,,,,,49,76.42346939,300.3418367,,,,,54,172.1203704,380.75,,,,,25,303.99,218.55,30,306.25,210.95
,40,72.22,148.95,,,,,42,194.82,323.54,,,,,46,267.9021739,205.4021739,,,,,51,73.92647059,95.84803922,,,,,90,203.9055556,172.8166667,,,,,,,,,,,50,382.79,240.73,,,,,,,,,,,,51,46.51,79.51,,,,,61,194.64,220.41,,,,,65,121.8269231,51.51923077,,,,,,,,41,131.4817073,258.4573171,,,,,61,201.7991803,274.9139344,,,,,48,76.14583333,300.125,,,,,53,171.995283,380.75,,,,,28,303.54,218.11,29,305.0603448,210.3017241
,43,72.75,148.89,,,,,42,194.54,323.49,,,,,49,267.3214286,205.1173469,,,,,47,73.47340426,95.87765957,,,,,96,203.59375,172.84375,,,,,,,,,,,51,382.8872549,240.4362745,,,,,,,,,,,,57,46.31,78.52,,,,,62,194.72,220.04,,,,,66,120.8409091,51.5530303,,,,,,,,44,131.3409091,258.0227273,,,,,58,201.9224138,274.5431034,,,,,45,77.78125,302.2395833,,,,,60,171.6,381.1833333,,,,,27,302.64,217.49,28,304.6785714,209.8214286
,45,72.22,148.82,,,,,45,194.37,323.17,,,,,53,267.4858491,204.9575472,,,,,48,73.77083333,96.0625,,,,,93,203.266129,172.4489247,,,,,,,,,,,50,383.19,240.49,,,,,,,,,,,,53,45.88,78.39,,,,,59,194.26,219.99,,,,,64,120.5625,51.09375,,,,,,,,44,130.3636364,257.9545455,,,,,58,201.1293103,274.1982759,,,,,47,75.45212766,300.2393617,,,,,55,170.8954545,380.6409091,,,,,28,302.96,217.25,26,304.4038462,209.75
,45,71.93,148.73,,,,,43,193.82,322.7,,,,,48,267.5,204.5833333,,,,,47,73.13297872,95.83510638,,,,,88,203.1818182,172.0340909,,,,,,,,,,,51,383.9264706,240.495098,,,,,,,,,,,,50,45.65,78.13,,,,,68,194.28,219.41,,,,,68,120.6764706,50.30882353,,,,,,,,46,130.2717391,257.7282609,,,,,64,201.3125,273.53125,,,,,52,74.98076923,300.2692308,,,,,53,170.9009434,380.5613208,,,,,25,302.35,216.71,30,305.25,209.55
,46,71.88,148.79,,,,,45,193.62,323.04,,,,,44,267.6818182,204.7045455,,,,,49,72.21938776,95.46428571,,,,,97,203.2654639,172.1005155,,,,,,,,,,,50,383.91,239.93,,,,,,,,,,,,51,45.14,78,,,,,59,193.8,219.7,,,,,72,120.375,49.47222222,,,,,,,,44,130.2272727,257.6818182,,,,,62,201.0564516,273.1532258,,,,,49,75.40306122,300.6887755,,,,,56,171.1428571,380.1964286,,,,,27,301.34,216.68,27,304.712963,209.3425926
,39,71.42,148.54,,,,,40,193.57,321.8,,,,,46,267.0326087,204.25,,,,,44,71.38636364,94.5,,,,,95,203.1815789,171.6342105,,,,,,,,,,,53,383.7311321,239.6745283,,,,,,,,,,,,53,45.22,77.41,,,,,63,193.38,219.38,,,,,74,119.8716216,48.93918919,,,,,,,,40,130.275,257.475,,,,,58,200.8017241,272.8362069,,,,,49,75.1377551,300.5459184,,,,,55,170.7136364,380.2227273,,,,,25,302.19,216.07,26,305.25,208.75
,37,70.7,148.32,,,,,44,192.43,321.7,,,,,50,266.77,203.27,,,,,49,70.44387755,93.87244898,,,,,93,202.8145161,171.1048387,,,,,,,,,,,49,383.4234694,239.1785714,,,,,,,,,,,,53,44.58,77.03,,,,,56,193.54,218.77,,,,,67,119.5708955,47.82462687,,,,,,,,47,130.0478723,256.8351064,,,,,61,200.8155738,272.3893443,,,,,45,74.57222222,299.8833333,,,,,58,170.2327586,379.25,,,,,26,302.25,215.44,30,305.25,208.25
,45,70.24,147.77,,,,,45,192.35,321.33,,,,,48,266.375,203.125,,,,,53,70.10849057,93.63679245,,,,,99,202.4267677,171.0833333,,,,,,,,,,,50,382.99,238.89,,,,,,,,,,,,48,44.19,76.52,,,,,60,193.47,218.03,,,,,66,118.9772727,47.62878788,,,,,,,,43,128.7267442,256.7034884,,,,,54,200.3981481,272.5648148,,,,,50,74.09,299.49,,,,,55,169.95,378.9863636,,,,,26,302.63,214.9,30,304.9833333,208.1166667
,47,69.96,147.69,,,,,43,191.63,320.75,,,,,49,266.2193878,202.994898,,,,,47,69.45212766,93.87765957,,,,,96,201.9375,171.1354167,,,,,,,,,,,49,383.6479592,238.6683673,,,,,,,,,,,,53,43.88,76.39,,,,,59,193.43,217.8,,,,,64,118.28125,47.765625,,,,,,,,43,128.3313953,257.2151163,,,,,56,199.8571429,272.0357143,,,,,48,73.85416667,299.1875,,,,,53,169.75,378.995283,,,,,58,303.46,211.01,,,
,40,69.78,147.3,,,,,44,191.57,320.7,,,,,51,266.1617647,203.2401961,,,,,46,69.68478261,93.51086957,,,,,96,201.5729167,171.0104167,,,,,,,,,,,50,383.45,238.07,,,,,,,,,,,,45,43.55,75.88,,,,,62,193.31,217.12,,,,,67,118.4514925,46.9738806,,,,,,,,45,128.35,256.9277778,,,,,60,199.8,271.95,,,,,45,73.35,298.7722222,,,,,52,169.5576923,379.0384615,,,,,58,303.8,210.96,,,
,36,69.14,147.61,,,,,44,190.61,320.32,,,,,50,265.99,202.87,,,,,48,68.5625,93.54166667,,,,,98,201.2397959,170.4744898,,,,,,,,,,,46,383.3586957,237.2717391,,,,,,,,,,,,46,43.4,75.29,,,,,58,193.27,216.58,,,,,64,117.90625,46.109375,,,,,,,,42,128.0833333,255.8214286,,,,,56,199.7678571,271.6428571,,,,,52,72.23076923,298.6538462,,,,,59,169.2754237,378.5127119,,,,,61,304.19,211.03,,,
,38,69.07,147.07,,,,,46,189.64,320.29,,,,,49,265.7295918,202.3622449,,,,,47,68.15425532,93.13297872,,,,,94,201.0904255,170.2925532,,,,,,,,,,,48,383.2708333,237,,,,,,,,,,,,51,43.02,74.59,,,,,59,193.46,216.12,,,,,67,117.4813433,45.37686567,,,,,,,,40,127.9,255.475,,,,,59,199.8686441,271.6313559,,,,,48,72.04166667,298.5208333,,,,,62,169.0080645,378.1370968,,,,,58,303.61,210.39,,,
,43,68.28,146.82,,,,,47,189.11,320.01,,,,,48,265.6875,202.2916667,,,,,47,68.30319149,92.89893617,,,,,99,200.6085859,170.2247475,,,,,,,,,,,53,382.9198113,236.6367925,,,,,,,,,,,,54,42.36,73.88,,,,,57,193.42,215.98,,,,,71,117.0316901,45.39788732,,,,,,,,42,127.8214286,255.4166667,,,,,57,199.872807,271.3464912,,,,,54,71.80555556,298.3981481,,,,,56,168.7857143,377.7678571,,,,,56,303.05,210.11,,,
,41,67.87,146.73,,,,,43,189.01,319.77,,,,,49,266.0969388,202.4030612,,,,,48,68.10416667,92.9375,,,,,97,200.3582474,169.8634021,,,,,,,,,,,57,382.9254386,236.1885965,,,,,,,,,,,,48,42.25,73.85,,,,,55,193.6,215.77,,,,,71,116.5528169,44.96126761,,,,,,,,40,127.75,255.125,,,,,58,199.7327586,271.3534483,,,,,49,71.91326531,298.4846939,,,,,57,168.6798246,377.627193,,,,,54,302.1,209.58,,,
,38,68.33,146.59,,,,,45,188.44,319.73,,,,,45,266.55,201.8833333,,,,,51,67.41666667,93.39705882,,,,,98,200.3826531,169.5663265,,,,,,,,,,,51,382.9068627,236.6323529,,,,,,,,,,,,50,42.33,73.29,,,,,57,193.21,215.05,,,,,72,116.0972222,44.69444444,,,,,,,,37,127.5067568,255.1824324,,,,,62,200.2177419,271.3306452,,,,,46,71.75,298.4021739,,,,,58,168.6982759,377.5775862,,,,,53,302.13,209.79,,,
,38,68.01,146.04,,,,,43,187.98,319.61,,,,,48,267.2291667,201.9583333,,,,,49,66.50510204,92.66836735,,,,,97,200.5541237,169.0386598,,,,,,,,,,,53,381.8066038,235.9764151,,,,,,,,,,,,49,42.04,73.3,,,,,58,192.78,214.04,,,,,67,115.4664179,44.60074627,,,,,,,,41,126.6280488,254.1890244,,,,,59,200.1398305,270.9872881,,,,,49,71.30102041,297.9132653,,,,,49,168.0153061,377.9540816,,,,,54,301.64,209.25,,,
,40,67.92,145.7,,,,,45,187.93,319.39,,,,,44,267.4772727,201.9318182,,,,,47,66.7712766,92.53723404,,,,,100,200.03,168.53,,,,,,,,,,,49,381.6887755,235.5663265,,,,,,,,,,,,44,41.86,73.57,,,,,60,192.98,213.95,,,,,63,114.9880952,44.46428571,,,,,,,,36,126.3333333,254.0555556,,,,,62,199.8145161,271.0080645,,,,,51,71.49509804,297.5147059,,,,,47,167.6861702,377.4946809,,,,,59,301.29,209.36,,,
,38,67.33,145.41,,,,,44,187.02,319.41,,,,,45,267.8166667,201.4833333,,,,,52,66.55769231,92,,,,,102,200.004902,168.0931373,,,,,,,,,,,54,382.1944444,235.3055556,,,,,,,,,,,,50,41.99,73.09,,,,,54,192.6,213.92,,,,,66,114.9772727,43.79545455,,,,,,,,45,126.2055556,253.7222222,,,,,64,200.484375,270.84375,,,,,44,71.22727273,297.1136364,,,,,50,167.45,377.19,,,,,60,301.18,208.97,,,
,36,67.56,144.69,,,,,42,187.8,318.99,,,,,47,267.4308511,201.0691489,,,,,45,66.26111111,91.32777778,,,,,85,200.35,166.7735294,,,,,,,,,,,51,381.9852941,235.2205882,,,,,,,,,,,,56,41.56,72.16,,,,,58,192.56,213.99,,,,,61,114.3893443,43.71721311,,,,,,,,46,126.1120219,253.3169399,,,,,61,200.6680328,270.7008197,,,,,45,70.81666667,296.8833333,,,,,51,167.6323529,376.8480392,,,,,53,300.69,208.98,,,
,42,66.82,143.56,,,,,41,187.14,318.92,,,,,50,267.35,200.41,,,,,47,66.21808511,90.94148936,,,,,98,199.9744898,167.5765306,,,,,,,,,,,52,381.7115385,234.8076923,,,,,,,,,,,,48,41.94,72.44,,,,,58,191.94,212.99,,,,,63,114.0039683,43.40079365,,,,,,,,39,125.2870968,253.0548387,,,,,61,199.897541,269.5040984,,,,,39,70.49358974,296.75,,,,,55,167.3136364,375.6045455,,,,,56,299.5,208.79,,,
,42,66.82,143.56,,,,,41,187.14,318.92,,,,,50,267.35,200.41,,,,,47,66.21808511,90.94148936,,,,,98,199.9744898,167.5765306,,,,,,,,,,,52,381.7115385,234.8076923,,,,,,,,,,,,48,41.94,72.44,,,,,58,191.94,212.99,,,,,63,114.0039683,43.40079365,,,,,,,,39,125.2870968,253.0548387,,,,,61,199.897541,269.5040984,,,,,39,70.49358974,296.75,,,,,55,167.3136364,375.6045455,,,,,56,299.5,208.79,,,
,38,66.75,143.25,,,,,44,186.91,319.11,,,,,48,267.3541667,201.125,,,,,43,65.49418605,90.70348837,,,,,96,199.09375,166.8958333,,,,,,,,,,,54,381.3055556,234.3240741,,,,,,,,,,,,50,41.83,71.87,,,,,53,190.66,212.9,,,,,63,113.2738095,42.63888889,,,,,,,,46,125.7081081,252.4054054,,,,,59,199.8686441,268.2076271,,,,,43,70.12209302,296.7034884,,,,,56,166.5714286,375.5892857,,,,,52,299.33,208.27,,,
,40,66.75,142.55,,,,,41,185.92,318.58,,,,,49,267.2397959,200.9336735,,,,,42,65.39285714,90.32142857,,,,,103,198.8859223,166.6820388,,,,,,,,,,,53,381.3537736,234.2216981,,,,,,,,,,,,48,41.46,71.1,,,,,58,190.82,212.51,,,,,59,113.6991525,42.3940678,,,,,,,,76,124.75,255.8214286,,,,,61,199.3237705,268.0614754,,,,,44,70.34090909,296.3863636,,,,,54,166.787037,375.2685185,,,,,52,299.25,208.12,,,
,44,66.52,142.3,,,,,45,185.91,318.68,,,,,53,267.5613208,200.6745283,,,,,47,65.55851064,89.79255319,,,,,103,199.4393204,166.0800971,,,,,,,,,,,52,381.25,234.1153846,,,,,,,,,,,,54,41.12,70.42,,,,,58,190.28,212.58,,,,,60,113.5166667,42.05,,,,,,,,78,124.5357143,255.7214286,,,,,61,199.3893443,268.192623,,,,,50,69.67,295.87,,,,,51,167.004902,375.122549,,,,,51,299.1,207.69,,,
,44,66.07,141.5,,,,,40,185.93,318.18,,,,,58,267.3706897,200.3534483,,,,,45,65.10555556,89.81666667,,,,,108,199.3148148,166.1666667,,,,,,,,,,,54,381.6388889,234.0648148,,,,,,,,,,,,48,41.52,70.71,,,,,53,190.2,212.32,,,,,62,113.5403226,40.92741935,,,,,,,,81,124.1450617,255.0216049,,,,,60,198.95,268.4,,,,,54,69.25,295.9351852,,,,,55,167.1681818,375.0409091,,,,,53,299.03,207.64,,,
,36,65.22,141.17,,,,,43,185.63,317.63,,,,,50,267.49,200.03,,,,,48,64.625,89.97916667,,,,,106,198.9669811,166.1084906,,,,,,,,,,,52,381.8461538,234.0961538,,,,,,,,,,,,52,40.92,70.37,,,,,55,190.06,211.95,,,,,61,113.0778689,40.50409836,,,,,,,,81,124.0339506,255.2191358,,,,,50,198.41,268.13,,,,,53,68.91981132,295.7877358,,,,,56,167.25,374.5,,,,,53,298.56,207.88,,,
,41,64.43,140.55,,,,,41,185.02,316.97,,,,,51,267.122549,200.1421569,,,,,44,65.13636364,89.52272727,,,,,113,198.9889381,165.2986726,,,,,,,,,,,49,380.8520408,233.3418367,,,,,,,,,,,,49,40.81,70.3,,,,,54,189.14,211.6,,,,,61,112.9467213,39.8647541,,,,,,,,90,123.9050279,252.2765363,,,,,59,197.6483051,267.9025424,,,,,48,68.83333333,294.8958333,,,,,56,166.4642857,374.125,,,,,57,297.75,208.64,,,
,42,64.3,139.8,,,,,44,184.91,317,,,,,51,266.8480392,199.75,,,,,47,65.2393617,89.2393617,,,,,99,198.5883838,165.3459596,,,,,,,,,,,56,380.75,234.25,,,,,,,,,,,,45,40.75,69.86,,,,,58,189.11,211.66,,,,,64,112.59375,39.5,,,,,,,,74,123.0337838,254.6283784,,,,,54,197.1759259,267.4907407,,,,,44,67.67045455,292.625,,,,,54,166.2685185,374.1018519,,,,,54,297.81,208.95,,,
,36,64.22,139.5,,,,,47,185.24,316.18,,,,,50,267.23,199.47,,,,,48,64.35416667,89.08333333,,,,,98,198.1479592,165.5969388,,,,,,,,,,,54,380.0092593,233.5462963,,,,,,,,,,,,47,40.56,69.66,,,,,54,189.38,211.29,,,,,61,112.897541,39.12704918,,,,,,,,75,123.15,254.35,,,,,52,196.7115385,266.2884615,,,,,52,68.75,294.6346154,,,,,55,166.3318182,373.6045455,,,,,52,297.75,209.25,,,
,38,63.59,139.14,,,,,45,185.64,316.26,,,,,51,266.3186275,199.1029412,,,,,49,64.32142857,88.91326531,,,,,98,198.2295918,165.2806122,,,,,,,,,,,53,380.5235849,233.6367925,,,,,,,,,,,,48,40.52,69.4,,,,,55,189.31,211,,,,,65,112.8423077,38.56538462,,,,,,,,80,123.0875,254.3625,,,,,58,196.5603448,266.3534483,,,,,50,68.43,294.61,,,,,51,166.3382353,373.7107843,,,,,55,297.95,209.2,,,
,40,63.77,139.18,,,,,50,185.01,316.37,,,,,51,265.3186275,198.2794118,,,,,57,64.69736842,88.34649123,,,,,109,197.9701835,165.3830275,,,,,,,,,,,51,380.5931373,232.2009804,,,,,,,,,,,,49,41.18,68.57,,,,,55,188.39,211.37,,,,,65,112.6269231,38.10384615,,,,,,,,82,122.7987805,253.847561,,,,,61,196.3401639,265.2745902,,,,,49,67.3622449,294.2602041,,,,,54,167.1944444,373.1203704,,,,,53,297.52,207.96,,,
,42,63.56,139.25,,,,,44,184.91,316.16,,,,,50,264.85,198.13,,,,,54,64.39814815,88.12037037,,,,,105,198.0261905,165.0738095,,,,,,,,,,,53,380.240566,231.5424528,,,,,,,,,,,,51,41,68.14,,,,,54,187.82,210.71,,,,,62,113.0725806,38.31451613,,,,,,,,84,122.5238095,253.5833333,,,,,60,196.35,264.8,,,,,51,67.31862745,293.3970588,,,,,60,166.9666667,372.3833333,,,,,55,297.24,207.37,,,
,42,63.51,139.63,,,,,44,185.32,316.07,,,,,50,264.83,198.07,,,,,47,64.92021277,87.7712766,,,,,101,198.0569307,164.710396,,,,,,,,,,,52,379.7884615,231.5576923,,,,,,,,,,,,47,40.56,68.11,,,,,54,187.45,210.79,,,,,67,113.1529851,37.94402985,,,,,,,,89,122.5926966,253.8286517,,,,,57,195.9254386,264.9254386,,,,,52,67.5,293.4615385,,,,,59,167.3262712,372.0042373,,,,,54,297.18,207.4,,,
,40,63.77,139.7,,,,,46,185.45,316.14,,,,,59,265.1059322,198.6991525,,,,,52,65.21153846,87.55769231,,,,,101,198.1361386,164.9282178,,,,,,,,,,,54,380.212963,231.8425926,,,,,,,,,,,,50,41.41,68.09,,,,,54,187.34,210.27,,,,,58,113.0431034,37.62931034,,,,,,,,85,122.8205882,253.5970588,,,,,60,196.35,265.2166667,,,,,51,67.86764706,292.7696078,,,,,55,167.5318182,372.1136364,,,,,59,297.44,207.19,,,
,36,64.14,139.72,,,,,42,185.56,315.68,,,,,60,264.7666667,198.35,,,,,54,65.37962963,87.06481481,,,,,103,198.3713592,165.2451456,,,,,,,,,,,56,380.1785714,232.0178571,,,,,,,,,,,,52,41.38,68.19,,,,,55,187.4,209.93,,,,,64,113.0625,37.578125,,,,,,,,93,123.1155914,253.2553763,,,,,58,196.112069,264.9396552,,,,,54,68.23148148,292.712963,,,,,61,167.6844262,371.5860656,,,,,55,297.5,207.71,,,
,46,64.64,139.38,,,,,52,185.54,315.65,,,,,53,263.6179245,196.8820755,,,,,55,66.29545455,86.33181818,,,,,97,198.6365979,164.9871134,,,,,,,,,,,54,380.0462963,231.787037,,,,,,,,,,,,51,41.16,67.99,,,,,53,187.5,209.39,,,,,66,112.9924242,37.56818182,,,,,,,,47,124.0638298,250.5425532,,,,,64,196.171875,263.84375,,,,,60,68.38333333,291.45,,,,,63,167.4801587,370.4960317,,,,,52,297.19,208.25,,,
,43,64.82,139.19,,,,,44,185.61,314.98,,,,,58,263.4741379,196.0086207,,,,,56,66.33928571,86.16071429,,,,,114,198.7675439,164.8552632,,,,,,,,,,,53,379.5990566,231.2028302,,,,,,,,,,,,48,41.88,67.96,,,,,55,187.08,209.59,,,,,60,113.0166667,37.3,,,,,,,,80,122.7875,252.325,,,,,64,195.796875,263.515625,,,,,55,68.98636364,291.0590909,,,,,62,167.2016129,370.1532258,,,,,55,297.13,208.53,,,
,45,64.48,139.28,,,,,53,185.28,315.03,,,,,56,262.4821429,195.1071429,,,,,63,66.09920635,86.19444444,,,,,122,198.192623,164.7090164,,,,,,,,,,,55,379.2772727,231.4772727,,,,,,,,,,,,52,42.25,67.85,,,,,52,186.98,209.25,,,,,64,113.3125,37.484375,,,,,,,,55,123.8909091,250.2454545,,,,,69,195.3297101,263.2572464,,,,,55,69.11363636,290.9681818,,,,,62,167.1370968,369.5725806,,,,,52,297.31,208.19,,,
,46,63.97,139.03,,,,,48,185.27,314.73,,,,,60,262.3166667,194.8833333,,,,,60,66.18333333,86.21666667,,,,,126,198.4166667,164.25,,,,,,,,,,,54,379.1388889,230.9351852,,,,,,,,,,,,53,42.2,67.39,,,,,57,194.14,216.28,,,,,64,113.671875,37.28125,,,,,,,,87,122.4856322,252.4051724,,,,,71,195.1443662,262.6514085,,,,,53,69.44811321,290.7877358,,,,,66,166.7348485,369.4318182,,,,,56,296.77,208.02,,,
